Workbook

Sheet 2000_salt_source
B1: shop, supermarket | C1: open market | D1: salt pan | E1: other | F1: don't know | G1: Weighted_Count
A2: completed | B2: 0.76932382 | C2: 0.050717454 | D2: 0.040140938 | E2: 0.041863558 | F2: 0.00243033 | G2: 6392
A3: rural | B3: 0.68436162 | C3: 0.068889956 | D3: 0.059242074 | E3: 0.063199903 | F3: 0.003758172 | G3: 3913.3
A4: urban | B4: 0.90346083 | C4: 0.022026985 | D4: 0.009984356 | E4: 0.008178063 | F4: 0.000333953 | G4: 2478.7
A5: caprivi | B5: 0.68986269 | C5: 0.015089986 | D5: 0 | E5: 0.007062586 | F5: 0 | G5: 391.6
A6: erongo | B6: 0.9026769 | C6: 0.018423161 | D6: 0.032890307 | E6: 0.001622144 | F6: 0.001035608 | G6: 425.5
A7: hardap | B7: 0.76647722 | C7: 0.01107399 | D7: 0.004821623 | E7: 0.051920827 | F7: 0.003986229 | G7: 297.1
A8: karas | B8: 0.93579294 | C8: 0.011236677 | D8: 0.00568475 | E8: 0 | F8: 0.001289938 | G8: 263.1
A9: kavango | B9: 0.71731638 | C9: 0.050766371 | D9: 0 | E9: 0.058986978 | F9: 0 | G9: 396.9
A10: khomas | B10: 0.94545866 | C10: 0.007099617 | D10: 0.001931193 | E10: 0.010612596 | F10: 0 | G10: 1026.9
A11: kunene | B11: 0.55654287 | C11: 0.042574781 | D11: 0.010829174 | E11: 0.061080224 | F11: 0.023337502 | G11: 244.4
A12: ohangwena | B12: 0.67650343 | C12: 0.17747638 | D12: 0.011360387 | E12: 0.009115006 | F12: 0.002535746 | G12: 613.8
A13: omaheke | B13: 0.63311816 | C13: 0.0079033 | D13: 0.016338417 | E13: 0.20074995 | F13: 0.009470892 | G13: 222.2
... A17: otjozondjupa | B17: 0.76326541 | C17: 0.016417199 | D17: 0.003852016 | E17: 0.14439274 | F17: 0.000790161 | G17: 736.6

Sheet 2000_salt_type
B1: granular salt in container with lid | C1: uncovered granular salt | D1: block salt | E1: other | F1: Weighted_Count
A2: completed | B2: 0.50486697 | C2: 0.12619674 | D2: 0.24808494 | E2: 0.016851513 | F2: 6392
A3: rural | B3: 0.34546495 | C3: 0.14205942 | D3: 0.3805947 | E3: 0.004988394 | F3: 3913.3
A4: urban | B4: 0.75652844 | C4: 0.10115299 | D4: 0.038880545 | E4: 0.035580824 | F4: 2478.7
A5: caprivi | B5: 0.55703515 | C5: 0.13008293 | D5: 0.028654357 | E5: 0.001518049 | F5: 391.6
A6: erongo | B6: 0.73837017 | C6: 0.17647659 | D6: 0.027878437 | E6: 0 | F6: 425.5
A7: hardap | B7: 0.6096261 | C7: 0.067077108 | D7: 0.13005058 | E7: 0.001356313 | F7: 297.1
A8: karas | B8: 0.80778263 | C8: 0.022288901 | D8: 0.11567185 | E8: 0 | F8: 263.1
A9: kavango | B9: 0.33553203 | C9: 0.074146546 | D9: 0.41447073 | E9: 0 | F9: 396.9
A10: khomas | B10: 0.79737875 | C10: 0.031201696 | D10: 0.032417091 | E10: 0.097150217 | F10: 1026.9
A11: kunene | B11: 0.37102802 | C11: 0.15356458 | D11: 0.15650446 | E11: 0.005486502 | F11: 244.4
A12: ohangwena | B12: 0.088088281 | C12: 0.12441291 | D12: 0.65845526 | E12: 0 | F12: 613.8
A13: omaheke | B13: 0.26929905 | C13: 0.067922539 | D13: 0.52523785 | E13: 0.001165672 | F13: 222.2
... A17: otjozondjupa | B17: 0.52263308 | C17: 0.2040634 | D17: 0.1863669 | E17: 0.006018437 | F17: 736.6

Sheet 2000_iodine
B1: salt_tested_0 ppm (no iodine) | C1: salt_tested_15+ ppm | D1: salt_tested_< 15 ppm | E1: Weighted_Count
A2: completed | B2: 0.17178519 | C2: 0.62914706 | D2: 0.19906775 | E2: 5741.7
A3: rural | B3: 0.23796094 | C3: 0.59494444 | D3: 0.16709461 | E3: 3428.9
A4: urban | B4: 0.073673885 | C4: 0.67985541 | D4: 0.2464707 | E4: 2312.8
A5: caprivi | B5: 0.046236229 | C5: 0.72550945 | D5: 0.22825432 | E5: 280.7
A6: erongo | B6: 0.06349743 | C6: 0.6652452 | D6: 0.27125737 | E6: 400.6
A7: hardap | B7: 0.20189937 | C7: 0.5458211 | D7: 0.25227953 | E7: 249.5
A8: karas | B8: 0.14701205 | C8: 0.59220705 | D8: 0.26078091 | E8: 251.9
A9: kavango | B9: 0.45671775 | C9: 0.46412286 | D9: 0.079159386 | E9: 327.1
A10: khomas | B10: 0.051265377 | C10: 0.69264503 | D10: 0.25608959 | E10: 981.3
A11: kunene | B11: 0.23968237 | C11: 0.54150069 | D11: 0.21881694 | E11: 168.9
A12: ohangwena | B12: 0.070490085 | C12: 0.78815077 | D12: 0.14135915 | E12: 535.9
A13: omaheke | B13: 0.6038458 | C13: 0.22996838 | D13: 0.16618582 | E13: 190.8
... A17: otjozondjupa | B17: 0.22341172 | C17: 0.45135928 | D17: 0.325229 | E17: 680.1

Sheet 2013_iodine
B1: iodine present | C1: no iodine | D1: Weighted_Count
A2: completed | B2: 0.7682559 | C2: 0.2317441 | D2: 9205.5
A3: rural | B3: 0.62154616 | C3: 0.37845384 | D3: 4388.7
A4: urban | B4: 0.90192828 | C4: 0.098071724 | D4: 4816.7
A5: caprivi | B5: 0.96831337 | C5: 0.031686625 | D5: 471.8
A6: erongo | B6: 0.93288067 | C6: 0.067119333 | D6: 865.7
A7: hardap | B7: 0.77118253 | C7: 0.22881747 | D7: 346.8
A8: karas | B8: 0.89984652 | C8: 0.10015348 | D8: 369.6
A9: kavango | B9: 0.7881968 | C9: 0.2118032 | D9: 681.7
A10: khomas | B10: 0.92099254 | C10: 0.079007462 | D10: 1903.9
A11: kunene | B11: 0.74234508 | C11: 0.25765492 | D11: 309.1
A12: ohangwena | B12: 0.62089865 | C12: 0.37910135 | D12: 877.8
A13: omaheke | B13: 0.59285901 | C13: 0.40714099 | D13: 299.8
... A17: otjozondjupa | B17: 0.75092557 | C17: 0.24907443 | D17: 579.8

Sheet 2000-2013 comparison
B1: 2000 - None | C1: 2013 - None | D1: 2000 - Any present | E1: 2013 - Any present
A2: caprivi | B2: ='2000_iodine'!B5 -> 0.046236229 | C2: ='2013_iodine'!C5 -> 0.031686625 | D2: =SUM('2000_iodine'!C5:D5) -> 0.95376377 | E2: ='2013_iodine'!B5 -> 0.96831337
A3: erongo | B3: ='2000_iodine'!B6 -> 0.06349743 | C3: ='2013_iodine'!C6 -> 0.067119333 | D3: =SUM('2000_iodine'!C6:D6) -> 0.93650257 | E3: ='2013_iodine'!B6 -> 0.93288067
A4: hardap | B4: ='2000_iodine'!B7 -> 0.20189937 | C4: ='2013_iodine'!C7 -> 0.22881747 | D4: =SUM('2000_iodine'!C7:D7) -> 0.79810063 | E4: ='2013_iodine'!B7 -> 0.77118253
A5: karas | B5: ='2000_iodine'!B8 -> 0.14701205 | C5: ='2013_iodine'!C8 -> 0.10015348 | D5: =SUM('2000_iodine'!C8:D8) -> 0.85298795 | E5: ='2013_iodine'!B8 -> 0.89984652
A6: kavango | B6: ='2000_iodine'!B9 -> 0.45671775 | C6: ='2013_iodine'!C9 -> 0.2118032 | D6: =SUM('2000_iodine'!C9:D9) -> 0.54328225 | E6: ='2013_iodine'!B9 -> 0.7881968
A7: khomas | B7: ='2000_iodine'!B10 -> 0.051265377 | C7: ='2013_iodine'!C10 -> 0.079007462 | D7: =SUM('2000_iodine'!C10:D10) -> 0.94873462 | E7: ='2013_iodine'!B10 -> 0.92099254
A8: kunene | B8: ='2000_iodine'!B11 -> 0.23968237 | C8: ='2013_iodine'!C11 -> 0.25765492 | D8: =SUM('2000_iodine'!C11:D11) -> 0.76031763 | E8: ='2013_iodine'!B11 -> 0.74234508
A9: ohangwena | B9: ='2000_iodine'!B12 -> 0.070490085 | C9: ='2013_iodine'!C12 -> 0.37910135 | D9: =SUM('2000_iodine'!C12:D12) -> 0.92950992 | E9: ='2013_iodine'!B12 -> 0.62089865
A10: omaheke | B10: ='2000_iodine'!B13 -> 0.6038458 | C10: ='2013_iodine'!C13 -> 0.40714099 | D10: =SUM('2000_iodine'!C13:D13) -> 0.3961542 | E10: ='2013_iodine'!B13 -> 0.59285901
A11: omusati | B11: ='2000_iodine'!B14 -> 0.22393609 | C11: ='2013_iodine'!C14 -> 0.43565558 | D11: =SUM('2000_iodine'!C14:D14) -> 0.77606391 | E11: ='2013_iodine'!B14 -> 0.56434442
A12: oshana | B12: ='2000_iodine'!B15 -> 0.21362655 | C12: ='2013_iodine'!C15 -> 0.32400397 | D12: =SUM('2000_iodine'!C15:D15) -> 0.78637345 | E12: ='2013_iodine'!B15 -> 0.67599603
A13: oshikoto | B13: ='2000_iodine'!B16 -> 0.11562381 | C13: ='2013_iodine'!C16 -> 0.39951041 | D13: =SUM('2000_iodine'!C16:D16) -> 0.88437619 | E13: ='2013_iodine'!B16 -> 0.60048959
A14: otjozondjupa | B14: ='2000_iodine'!B17 -> 0.22341172 | C14: ='2013_iodine'!C17 -> 0.24907443 | D14: =SUM('2000_iodine'!C17:D17) -> 0.77658828 | E14: ='2013_iodine'!B17 -> 0.75092557
