Workbook

Sheet Reference
A1: Food item code in Household Survey (item_cod) | B1: Average edible quantity (g/capita/day) | C1: Food item description in Household Survey (desc) | D1: SA Table Code | E1: SA Table Name | F1: Reference Food Composition Table (FCT) | G1: Food code in FCT | H1: Food description in FCT | I1: Food Item Index Matching (Read the text in the comment of this cell) | J1: Refuse factor (refuse) | K1: Item Group (item_grp) | L1: Item Group (diversity_grp) | M1: Water (grams) | N1: Ash (grams) | O1: Protein (grams) (fd_pro) | P1: Total Fat (grams) (fd_fat) | Q1: Total Fiber (grams) (fd_fib) | R1: Alcohol (grams) (fd_alc) | S1: Carbohydrates including fiber (Total) (grams) | T1: Available Carbohydrates by difference (grams) (fd_car) | U1: Calories (Kcal) | V1: Computed calories (Kcal) (fd_kcal) | W1: Calcium (milligrams) (calcium) | X1: Iron (milligrams) (iron) | Y1: Animal iron (milligrams) (fe_anim) | Z1: Non animal iron (milligrams) (fe_nanim) | AA1: Haem iron (milligrams) (fe_haem) | AB1: Non-haem iron (milligrams) (fe_nhaem) | AC1: Zinc (milligrams) zinc | AD1: Folate (micrograms) folate | AE1: Vitamin C (Ascorbic Acid) (milligrams) (vit_c) | AF1: Vitamin B1 (Thiamine) (milligrams) (vit_b1) | AG1: Vitamin B2 (Riboflavin) (milligrams) (vit_b2) | AH1: Retinol (micrograms) (retinol) | AI1: Betacarotene equivalents (micrograms) (betacar) | AJ1: Vitamin A (micrograms of RAE o RE) (vita) | AK1: Vitamin B6 (Pyridoxine) (milligrams) (vit_b6) | AL1: Vitamin B12 (Cobalamine) (micrograms) (vit_b12) | AM1: Isoleucine (grams) (isoleuc) | AN1: Leucine (grams) (leucine) | AO1: Lysine (grams) (lysine) | AP1: Methionine (grams) (methion) | AQ1: Phenylalanine (grams) (phenyl) | AR1: Threonine (grams) (threon) | AS1: Tryptophan (grams) (trypto) | AT1: Valine (grams) (valine) | AU1: Histidine (grams) (histid) | AV1: Cystine (grams) (cysteine) | AW1: Tyrosine (grams) (tyrosine)
A2: 1112.01 | B2: =VLOOKUP(A2,'Table 3.1'!$A$4:$D$186,4,FALSE) -> 168.44418 | C2: Bread (white, brown, whole wheat, rye, maize, etc.) | D2: 3210 | E2: Bread/Rolls, white (fortified) | F2: WA_FCT | G2: 01_046 | H2: Bread, wheat, white | J2: 0 | W2: 28 | X2: 1.2 | Y2: 0 | Z2: 1.2 | AC2: 0.6 | AD2: 29 | AE2: 0 | AF2: 0.16 | AG2: 0.05 | AH2: 0 | AI2: 0 | AJ2: 0 | AK2: 0.06 | AL2: 0
A3: 1115.04 | B3: =VLOOKUP(A3,'Table 3.1'!$A$4:$D$186,4,FALSE) -> 131.59491 | C3: Maize meal/ grain/ samp | D3: 4409 | E3: Maize meal, sifted, raw (white, fortified) | F3: WA_FCT | G3: 01_014 | H3: Maize, combined varieties, whole kernel, dried, raw (Benin) | J3: 0 | W3: 18 | X3: 3 | Y3: 0 | Z3: 3 | AC3: 1.51 | AD3: 25 | AE3: 0 | AF3: 0.34 | AG3: 0.1 | AH3: 0 | AI3: 0 | AJ3: 0 | AK3: 0.2 | AL3: 0
A4: 1223.02 | B4: =VLOOKUP(A4,'Table 3.1'!$A$4:$D$186,4,FALSE) -> 112.25229 | C4: Mageu/Oshikundu | D4: 4410 | E4: Maize meal, super, porridge, soft (white, fortified) | F4: WA_FCT | G4: 01_061 | H4: Maize, white, soft porridge* (without salt) | I4: B2 | J4: 0 | W4: 1 | X4: 0.04 | Y4: 0 | Z4: 0.04 | AC4: 0.06 | AD4: 1 | AE4: 0 | AF4: 0.01 | AG4: 0.02 | AH4: 0 | AI4: 0 | AJ4: 0 | AK4: 0.01 | AL4: 0
A5: 1121.01 | B5: =VLOOKUP(A5,'Table 3.1'!$A$4:$D$186,4,FALSE) -> 93.177287 | C5: Beef | F5: WA_FCT | G5: 07_005 | H5: Average beef from average tabs | J5: 0 | W5: 11 | X5: 1.8 | Y5: 1.8 | Z5: 0 | AC5: 3.6 | AD5: 3 | AE5: 0 | AF5: 0.6 | AG5: 0.17 | AH5: 0 | AI5: 0 | AJ5: 0 | AK5: 0.38 | AL5: 0.7
A6: 1115.05 | B6: =VLOOKUP(A6,'Table 3.1'!$A$4:$D$186,4,FALSE) -> 77.931404 | C6: Mahangu meal/ grain/ samp | F6: WA_FCT | G6: 01_017 | H6: Pearl millet, whole grain, raw (with bran) | J6: 0 | W6: 14 | X6: 7.6 | Y6: 0 | Z6: 7.6 | AC6: 2.83 | AD6: 30 | AE6: 0 | AF6: 0.32 | AG6: 0.27 | AH6: 0 | AI6: 3 | AJ6: 0 | AK6: 0.74 | AL6: 0
A7: 1111.01 | B7: =VLOOKUP(A7,'Table 3.1'!$A$4:$D$186,4,FALSE) -> 22.321716 | C7: Rice | F7: WA_FCT | G7: 01_037 | H7: Rice, white, raw | J7: 0 | W7: 12 | X7: 1.4 | Y7: 0 | Z7: 1.4 | AC7: 1.16 | AD7: 20 | AE7: 0 | AF7: 0.07 | AG7: 0.04 | AH7: 0 | AI7: 0 | AJ7: 0 | AK7: 0.2 | AL7: 0
A8: 1212.01 | B8: =VLOOKUP(A8,'Table 3.1'!$A$4:$D$186,4,FALSE) -> 20.632186 | C8: Tea | F8: WA_FCT | G8: 12_008 | H8: GOLD PEAK TEA, ICED TEA, SWEET TEA | I8: A | J8: 0 | W8: 7 | X8: 0.2 | Y8: 0 | Z8: 0.2 | AC8: 0.08 | AD8: 14 | AE8: 40.6 | AF8: 0.03 | AG8: 0.01 | AH8: 0 | AI8: 7 | AJ8: 1 | AK8: 0.05 | AL8: 0
A9: 1222.01 | B9: =VLOOKUP(A9,'Table 3.1'!$A$4:$D$186,4,FALSE) -> 20.183571 | C9: Soft drinks | F9: WA_FCT | G9: 12_011 | H9: Juice, orange, unsweetened | I9: A | J9: 0 | W9: 12 | X9: 0.3 | Y9: 0 | Z9: 0.3 | AC9: 0.05 | AD9: 34 | AE9: 42.7 | AF9: 0.08 | AG9: 0.03 | AH9: 0 | AI9: 100 | AJ9: 8 | AK9: 0.06 | AL9: 0
A10: 1144.03 | B10: =VLOOKUP(A10,'Table 3.1'!$A$4:$D$186,4,FALSE) -> 18.175392 | C10: Traditional sour milk | F10: WA_FCT | G10: 10_013 | H10: Milk, cow, whole, 3.5 % fat (includes pasteurised, sterilised and UHT) | I10: A2 | J10: 0 | W10: 122 | X10: 0.03 | Y10: 0.03 | Z10: 0 | AC10: 0.41 | AD10: 12 | AE10: 1.3 | AF10: 0.05 | AG10: 0.18 | AH10: 13 | AI10: 7 | AJ10: 14 | AK10: 0.05 | AL10: 0.5
A11: 1113.01 | B11: =VLOOKUP(A11,'Table 3.1'!$A$4:$D$186,4,FALSE) -> 15.198223 | C11: Macaroni, spaghetti, noodles | D11: 3262 | E11: Macaroni/Spaghetti, cooked | F11: WA_FCT | G11: 01_053 | H11: Macaroni, boiled* (without salt) | J11: 0 | W11: 10 | X11: 0.5 | Y11: 0 | Z11: 0.5 | AC11: 0.59 | AD11: 5 | AE11: 0 | AF11: 0.05 | AG11: 0.01 | AH11: 0 | AI11: 0 | AJ11: 0 | AK11: 0.03 | AL11: 0
A12: 1177.01 | B12: =VLOOKUP(A12,'Table 3.1'!$A$4:$D$186,4,FALSE) -> 14.014303 | C12: Potatoes, English | F12: WA_FCT | G12: 02_009 | H12: Potato, raw | J12: 0.16 | W12: 11 | X12: 0.9 | Y12: 0 | Z12: 0.9 | AC12: 0.35 | AD12: 18 | AE12: 17.3 | AF12: 0.08 | AG12: 0.12 | AH12: 0 | AI12: 14 | AJ12: 1 | AK12: 0.27 | AL12: 0
A13: 1223.01 | B13: =VLOOKUP(A13,'Table 3.1'!$A$4:$D$186,4,FALSE) -> 13.384258 | C13: Fruit juice & squashes | F13: WA_FCT | G13: 12_011 | H13: Juice, orange, unsweetened | I13: A | J13: 0 | W13: 12 | X13: 0.3 | Y13: 0 | Z13: 0.3 | AC13: 0.05 | AD13: 34 | AE13: 42.7 | AF13: 0.08 | AG13: 0.03 | AH13: 0 | AI13: 100 | AJ13: 8 | AK13: 0.06 | AL13: 0
A14: 1141.01 | B14: =VLOOKUP(A14,'Table 3.1'!$A$4:$D$186,4,FALSE) -> 13.116385 | C14: Fresh milk | F14: WA_FCT | G14: 10_001 | H14: Milk, cow, whole, 3.5 % fat (includes pasteurised, sterilised and UHT) | J14: 0 | W14: 120 | X14: 0.05 | Y14: 0.05 | Z14: 0 | AC14: 0.39 | AD14: 10 | AE14: 1.5 | AF14: 0.04 | AG14: 0.18 | AH14: 31 | AI14: 18 | AJ14: 33 | AK14: 0.05 | AL14: 0.6
A15: 1171.02 | B15: =VLOOKUP(A15,'Table 3.1'!$A$4:$D$186,4,FALSE) -> 12.963092 | C15: Spinach/ Ombindi/ Derere/ Mutete/ Ekaka | F15: WA_FCT | G15: 04_057 | H15: Spinach, raw | J15: 0.28 | W15: 133 | X15: 3.1 | Y15: 0 | Z15: 3.1 | AC15: 0.8 | AD15: 176 | AE15: 36 | AF15: 0.08 | AG15: 0.17 | AH15: 0 | AI15: 6040 | AJ15: 409 | AK15: 0.19 | AL15: 0
A16: 1115.01 | B16: =VLOOKUP(A16,'Table 3.1'!$A$4:$D$186,4,FALSE) -> 10.421325 | C16: Breakfast cereals (all types) | F16: USDA_FCT | G16: 8023 | H16: CEREALS RTE,KELLOGG,KELLOGG'S CRACKLIN' OAT BRAN | J16: 0 | W16: 60 | X16: 3.7 | Y16: 0 | Z16: 3.7 | AC16: 3.1 | AD16: 204 | AE16: 31 | AF16: 0.8 | AG16: 0.9 | AH16: 459 | AI16: 0 | AJ16: 459 | AK16: 1 | AL16: 3.1
A17: 1131.01 | B17: =VLOOKUP(A17,'Table 3.1'!$A$4:$D$186,4,FALSE) -> 9.8993105 | C17: Fresh fish | F17: WA_FCT | G17: 09_041 | H17: Tilapia, raw | J17: 0.45 | W17: 17 | X17: 1.3 | Y17: 1.3 | Z17: 0 | AC17: 0.83 | AD17: 24 | AE17: 0 | AF17: 0.04 | AG17: 0.06 | AH17: 26 | AI17: 0 | AJ17: 26 | AK17: 0.24 | AL17: 1.6
A18: 1123.01 | B18: =VLOOKUP(A18,'Table 3.1'!$A$4:$D$186,4,FALSE) -> 9.0875713 | C18: Goat meat | F18: WA_FCT | G18: 07_046 | H18: Goat, meat, raw | J18: 0.26 | W18: 11 | X18: 2.4 | Y18: 2.4 | Z18: 0 | AC18: 3.45 | AD18: 5 | AE18: 0 | AF18: 0.18 | AG18: 0.29 | AH18: 0 | AI18: 0 | AJ18: 0 | AK18: 0.4 | AL18: 1.1
A19: 1181.01 | B19: =VLOOKUP(A19,'Table 3.1'!$A$4:$D$186,4,FALSE) -> 9.0340987 | C19: Sugar | F19: WA_FCT | G19: 13_002 | H19: Sugar | J19: 0 | W19: 1 | X19: 0.1 | Y19: 0 | Z19: 0.1 | AC19: 0.01 | AD19: 0 | AE19: 0 | AF19: 0 | AG19: 0.02 | AH19: 0 | AI19: 0 | AJ19: 0 | AK19: 0 | AL19: 0
A20: 1131.02 | B20: =VLOOKUP(A20,'Table 3.1'!$A$4:$D$186,4,FALSE) -> 8.9867299 | C20: Frozen fish | F20: WA_FCT | G20: 09_003 | H20: Mackerel, raw | J20: 0.29 | W20: 28 | X20: 0.8 | Y20: 0.8 | Z20: 0 | AC20: 0.49 | AD20: 1 | AE20: 0 | AF20: 0.14 | AG20: 0.14 | AH20: 39 | AI20: 0 | AJ20: 39 | AK20: 0.4 | AL20: 2.4
A21: 1195.99 | B21: =VLOOKUP(A21,'Table 3.1'!$A$4:$D$186,4,FALSE) -> 8.9556331 | C21: Other foods (specify) | F21: USDA_FCT | G21: 6147 | H21: SOUP,BF MUSHROOM,CND,COND | J21: 0 | W21: 4 | X21: 0.7 | Y21: 0 | Z21: 0.7 | AC21: 1.1 | AD21: 7 | AE21: 0 | AF21: 0.02 | AG21: 0.06 | AH21: 0 | AI21: 0 | AJ21: 0 | AK21: 0.04 | AL21: 0.16
A22: 1154.01 | B22: =VLOOKUP(A22,'Table 3.1'!$A$4:$D$186,4,FALSE) -> 7.2011585 | C22: Cooking oil | D22: 3486 | E22: Vegetable oil (50% sunflower,30% maize, 20% peanut) | F22: WA_FCT | G22: 11_010 | H22: Vegetable oil | J22: 0 | W22: 0 | X22: 0 | Y22: 0 | Z22: 0 | AC22: 0 | AD22: 0 | AE22: 0 | AF22: 0 | AG22: 0 | AH22: 0 | AI22: 0 | AJ22: 0 | AK22: 0 | AL22: 0
A23: 1173.09 | B23: =VLOOKUP(A23,'Table 3.1'!$A$4:$D$186,4,FALSE) -> 7.0995243 | C23: Tomatoes | F23: WA_FCT | G23: 04_021 | H23: Tomato, red, ripe, raw | J23: 0.09 | W23: 13 | X23: 0.6 | Y23: 0 | Z23: 0.6 | AC23: 0.7 | AD23: 21 | AE23: 29.6 | AF23: 0.06 | AG23: 0.04 | AH23: 0 | AI23: 624 | AJ23: 52 | AK23: 0.09 | AL23: 0
A24: 1167.02 | B24: =VLOOKUP(A24,'Table 3.1'!$A$4:$D$186,4,FALSE) -> 6.908326 | C24: Watermelons | F24: WA_FCT | G24: 05_038 | H24: Melon, honeydew, raw | J24: 0.54 | W24: 7 | X24: 0.3 | Y24: 0 | Z24: 0.3 | AC24: 0.09 | AD24: 12 | AE24: 14.2 | AF24: 0.03 | AG24: 0.01 | AH24: 0 | AI24: 31 | AJ24: 3 | AK24: 0.07 | AL24: 0
A25: 1174.06 | B25: =VLOOKUP(A25,'Table 3.1'!$A$4:$D$186,4,FALSE) -> 6.8998956 | C25: Onion | F25: WA_FCT | G25: 04_018 | H25: Onion, raw | J25: 0.09 | W25: 25 | X25: 0.3 | Y25: 0 | Z25: 0.3 | AC25: 0.26 | AD25: 16 | AE25: 10.3 | AF25: 0.05 | AG25: 0.04 | AH25: 0 | AI25: 1 | AJ25: 0 | AK25: 0.1 | AL25: 0
A26: 1123.02 | B26: =VLOOKUP(A26,'Table 3.1'!$A$4:$D$186,4,FALSE) -> 6.1624195 | C26: Mutton/ Lamb | F26: WA_FCT | G26: 07_049 | H26: Lamb/mutton, meat, moderately fat, boiled* (without salt) | J26: 0.25 | W26: 12 | X26: 3.1 | Y26: 3.1 | Z26: 0 | AC26: 4.97 | AD26: 2 | AE26: 0 | AF26: 0.08 | AG26: 0.15 | AH26: 12 | AI26: 0 | AJ26: 12 | AK26: 0.24 | AL26: 2.6
A27: 1173.08 | B27: =VLOOKUP(A27,'Table 3.1'!$A$4:$D$186,4,FALSE) -> 5.9821318 | C27: Pumpkins baby marrows & squashes, all types | F27: WA_FCT | G27: 04_051 | H27: Pumpkin, squash, raw | J27: 0.7 | W27: 19 | X27: 1.2 | Y27: 0 | Z27: 1.2 | AC27: 0.32 | AD27: 8 | AE27: 8 | AF27: 0.05 | AG27: 0.02 | AH27: 0 | AI27: 1200 | AJ27: 100 | AK27: 0.1 | AL27: 0
A28: 2131.01 | B28: =VLOOKUP(A28,'Table 3.1'!$A$4:$D$186,4,FALSE) -> 5.6051936 | C28: Beer/ Ales/ Ciders | F28: WA_FCT | G28: 12_001 | H28: Beer european (4.4 % alcohol) | J28: 0 | W28: 8 | X28: 0.1 | Y28: 0 | Z28: 0.1 | AC28: 0.01 | AD28: 5 | AE28: 0 | AF28: 0 | AG28: 0.03 | AH28: 0 | AI28: 0 | AJ28: 0 | AK28: 0.07 | AL28: 0
A29: 1122.01 | B29: =VLOOKUP(A29,'Table 3.1'!$A$4:$D$186,4,FALSE) -> 5.5779113 | C29: Pork | F29: WA_FCT | G29: 07_005 | H29: Pork, meat, approx. 40 % fat, boneless, raw | J29: 0 | W29: 11 | X29: 1.8 | Y29: 1.8 | Z29: 0 | AC29: 3.6 | AD29: 3 | AE29: 0 | AF29: 0.6 | AG29: 0.17 | AH29: 0 | AI29: 0 | AJ29: 0 | AK29: 0.38 | AL29: 0.7
A30: 2131.99 | B30: =VLOOKUP(A30,'Table 3.1'!$A$4:$D$186,4,FALSE) -> 4.9464179 | C30: Local home-made brew, all types (tombo, epwaka, shafuluka) | F30: WA_FCT | G30: 12_004 | H30: Beer, sorghum (est. 3% alcohol) | J30: 0 | W30: 8 | X30: 0.2 | Y30: 0 | Z30: 0.2 | AC30: 0.14 | AD30: 0 | AE30: 0 | AF30: 0.02 | AG30: 0.04 | AH30: 0 | AI30: 0 | AJ30: 0 | AK30: 0 | AL30: 0
A31: 1172.02 | B31: =VLOOKUP(A31,'Table 3.1'!$A$4:$D$186,4,FALSE) -> 4.5718787 | C31: Cabbage | F31: WA_FCT | G31: 04_005 | H31: Cabbage, raw | J31: 0.2 | W31: 41 | X31: 0.6 | Y31: 0 | Z31: 0.6 | AC31: 0.2 | AD31: 48 | AE31: 54 | AF31: 0.05 | AG31: 0.04 | AH31: 0 | AI31: 100 | AJ31: 8 | AK31: 0.1 | AL31: 0
A32: 1127.01 | B32: =VLOOKUP(A32,'Table 3.1'!$A$4:$D$186,4,FALSE) -> 4.2834915 | C32: Game/ Iguana | F32: USDA_FCT | G32: 17164 | H32: Game meat,Deer, raw | J32: 0 | W32: 5 | X32: 3.4 | Y32: 3.4 | Z32: 0 | AC32: 2.09 | AD32: 4 | AE32: 0 | AF32: 0.22 | AG32: 0.48 | AH32: 0 | AI32: 0 | AJ32: 0 | AK32: 0.37 | AL32: 6.31
A33: 1222.99 | B33: =VLOOKUP(A33,'Table 3.1'!$A$4:$D$186,4,FALSE) -> 4.160192 | C33: Other non-alcoholic drinks (Energade, Powerade) (specify) | F33: WA_FCT | G33: 12_011 | H33: Juice, orange, unsweetened | I33: A | J33: 0 | W33: 12 | X33: 0.3 | Y33: 0 | Z33: 0.3 | AC33: 0.05 | AD33: 34 | AE33: 42.7 | AF33: 0.08 | AG33: 0.03 | AH33: 0 | AI33: 100 | AJ33: 8 | AK33: 0.06 | AL33: 0
A34: 1112.09 | B34: =VLOOKUP(A34,'Table 3.1'!$A$4:$D$186,4,FALSE) -> 3.9007853 | C34: Traditional bread, ash bread, oshikwiila, oshima, omungome | D34: 3285 | E34: Bread/Rolls, white, high protein | F34: WA_FCT | G34: 01_045 | H34: Bread/rolls, white | J34: 0 | W34: 26 | X34: 1.2 | Y34: 0 | Z34: 1.2 | AC34: 0.8 | AD34: 28 | AE34: 0 | AF34: 0.18 | AG34: 0.06 | AH34: 0 | AI34: 0 | AJ34: 0 | AK34: 0.04 | AL34: 0
A35: 1147.01 | B35: =VLOOKUP(A35,'Table 3.1'!$A$4:$D$186,4,FALSE) -> 3.8624752 | C35: Eggs | F35: WA_FCT | G35: 08_001 | H35: Egg, chicken, raw | I35: A2 | J35: 0 | W35: 56 | X35: 1.8 | Y35: 1.8 | Z35: 0 | AC35: 1.29 | AD35: 47 | AE35: 0 | AF35: 0.04 | AG35: 0.46 | AH35: 160 | AI35: 5 | AJ35: 160 | AK35: 0.17 | AL35: 0.9
A36: 1169.99 | B36: =VLOOKUP(A36,'Table 3.1'!$A$4:$D$186,4,FALSE) -> 3.7753671 | C36: Other fruits & nuts (specify) | F36: USDA_FCT | G36: 12635 | H36: Mixed nuts, dry, RSTD,W/pnuts, w/salt | J36: 0 | W36: 70 | X36: 3.7 | Y36: 0 | Z36: 3.7 | AC36: 3.8 | AD36: 50 | AE36: 0.4 | AF36: 0.2 | AG36: 0.2 | AH36: 0 | AI36: 3 | AJ36: 0 | AK36: 0.296 | AL36: 0
A37: 1125.06 | B37: =VLOOKUP(A37,'Table 3.1'!$A$4:$D$186,4,FALSE) -> 3.7568521 | C37: Sausages, other than polony | F37: WA_FCT | G37: 07_063 | H37: Sausage, wiener (beef, pork, chicken) canned | J37: 0 | W37: 10 | X37: 0.88 | Y37: 0.88 | Z37: 0 | AC37: 1.6 | AD37: 4 | AE37: 0 | AF37: 0.09 | AG37: 0.11 | AH37: 0 | AI37: 0 | AJ37: 0 | AK37: 0.12 | AL37: 1
A38: 1144.01 | B38: =VLOOKUP(A38,'Table 3.1'!$A$4:$D$186,4,FALSE) -> 3.751732 | C38: Clotted/ Cultured milk | F38: WA_FCT | G38: 10_003 | H38: Milk, Goat, Raw | I38: B2 | J38: 0 | W38: 142 | X38: 0.1 | Y38: 0.1 | Z38: 0 | AC38: 0.3 | AD38: 1 | AE38: 1.5 | AF38: 0.06 | AG38: 0.17 | AH38: 33 | AI38: 0 | AJ38: 33 | AK38: 0.04 | AL38: 0.1
A39: 1112.04 | B39: =VLOOKUP(A39,'Table 3.1'!$A$4:$D$186,4,FALSE) -> 3.7198099 | C39: Vetkoek | D39: 3257 | E39: Vetkoek, home-made (cake flour, water) | F39: WA_FCT | G39: 01_045 | H39: Bread/rolls, white | J39: 0 | W39: 26 | X39: 1.2 | Y39: 0 | Z39: 1.2 | AC39: 0.8 | AD39: 28 | AE39: 0 | AF39: 0.18 | AG39: 0.06 | AH39: 0 | AI39: 0 | AJ39: 0 | AK39: 0.04 | AL39: 0
A40: 1175.01 | B40: =VLOOKUP(A40,'Table 3.1'!$A$4:$D$186,4,FALSE) -> 3.4039269 | C40: Beans (dried) | F40: WA_FCT | G40: 03_022 | H40: Beans, white, dried | J40: 0 | W40: 74 | X40: 5.7 | Y40: 0 | Z40: 5.7 | AC40: 3.77 | AD40: 395 | AE40: 0 | AF40: 0.89 | AG40: 0.11 | AH40: 0 | AI40: 179 | AJ40: 15 | AK40: 0.51 | AL40: 0
A41: 1173.02 | B41: =VLOOKUP(A41,'Table 3.1'!$A$4:$D$186,4,FALSE) -> 3.2436042 | C41: Beans (fresh) | F41: WA_FCT | G41: 04_003 | H41: Beans, green raw | J41: 0.17 | W41: 47 | X41: 1.1 | Y41: 0 | Z41: 1.1 | AC41: 0.27 | AD41: 62 | AE41: 17.5 | AF41: 0.1 | AG41: 0.1 | AH41: 0 | AI41: 286 | AJ41: 24 | AK41: 0.2 | AL41: 0
A42: 1134.01 | B42: =VLOOKUP(A42,'Table 3.1'!$A$4:$D$186,4,FALSE) -> 2.8893046 | C42: Bottled/ Tinned fish | F42: WA_FCT | G42: 09_037 | H42: Sardines in oil, canned (drained solids with bone) | J42: 0 | W42: 382 | X42: 2.9 | Y42: 2.9 | Z42: 0 | AC42: 1.31 | AD42: 10 | AE42: 0 | AF42: 0.08 | AG42: 0.23 | AH42: 32 | AI42: 0 | AJ42: 32 | AK42: 0.17 | AL42: 8.9
A43: 1125.07 | B43: =VLOOKUP(A43,'Table 3.1'!$A$4:$D$186,4,FALSE) -> 2.7376573 | C43: Offals, meat waste | F43: WA_FCT | G43: 07_021 | H43: Beef, tripe, raw | J43: 0 | W43: 69 | X43: 0.6 | Y43: 0.6 | Z43: 0 | AC43: 1.42 | AD43: 5 | AE43: 0 | AF43: 0 | AG43: 0.06 | AH43: 0 | AI43: 0 | AJ43: 0 | AK43: 0.01 | AL43: 1.4
A44: 1133.03 | B44: =VLOOKUP(A44,'Table 3.1'!$A$4:$D$186,4,FALSE) -> 2.7296459 | C44: Dried fish | F44: USDA_FCT | G44: 35165 | H44: Fish, white fish, dried, Alska Native | J44: 0 | W44: 810 | X44: 4.1 | Y44: 4.1 | Z44: 0 | AC44: 5 | AD44: 11 | AE44: 0 | AF44: 0.053 | AG44: 0.438 | AH44: 39 | AI44: 0 | AJ44: 39 | AK44: 0.365 | AL44: 18.4
A45: 1221.01 | B45: =VLOOKUP(A45,'Table 3.1'!$A$4:$D$186,4,FALSE) -> 2.3823974 | C45: Mineral water & ice cubes blocks | F45: WA_FCT | G45: 12_019 | H45: Water, tap | I45: A | J45: 0 | W45: 1 | X45: 0 | Y45: 0 | Z45: 0 | AC45: 0.01 | AD45: 0 | AE45: 0 | AF45: 0 | AG45: 0 | AH45: 0 | AI45: 0 | AJ45: 0 | AK45: 0 | AL45: 0
A46: 1126.01 | B46: =VLOOKUP(A46,'Table 3.1'!$A$4:$D$186,4,FALSE) -> 2.3717215 | C46: Minced meat | F46: WA_FCT | G46: 07_023 | H46: Beef, ground, 10 % fat, raw | J46: 0 | W46: 12 | X46: 2.2 | Y46: 2.2 | Z46: 0 | AC46: 4.79 | AD46: 6 | AE46: 0 | AF46: 0.04 | AG46: 0.16 | AH46: 0 | AI46: 0 | AJ46: 0 | AK46: 0.37 | AL46: 2.2
A47: 1178.02 | B47: =VLOOKUP(A47,'Table 3.1'!$A$4:$D$186,4,FALSE) -> 2.3565618 | C47: Chips & crisps | F47: Kenya_FCT | G47: 15110 | H47: Potato, chips | J47: 0 | W47: 17 | X47: 2.7 | Y47: 0 | Z47: 2.7 | AC47: 0.63 | AD47: 82 | AE47: 12 | AF47: 0.11 | AG47: 0.07 | AH47: 0 | AI47: 0 | AJ47: 0 | AK47: 0 | AL47: 0
A48: 1115.03 | B48: =VLOOKUP(A48,'Table 3.1'!$A$4:$D$186,4,FALSE) -> 2.2587661 | C48: Bread/ cake flour (all types) | D48: 3273 | E48: Wheat flour, cake flour | F48: WA_FCT | G48: 01_044 | H48: Bread, maize flour, yellow, with milk and egg | J48: 0 | W48: 70 | X48: 0.7 | Y48: 0 | Z48: 0.7 | AC48: 0.76 | AD48: 17 | AE48: 0 | AF48: 0.16 | AG48: 0.18 | AH48: 0 | AI48: 534 | AJ48: 45 | AK48: 0.05 | AL48: 0.6
A49: 1129.99 | B49: =VLOOKUP(A49,'Table 3.1'!$A$4:$D$186,4,FALSE) -> 2.2347743 | C49: Other meat (specify) | F49: WA_FCT | G49: 07_027 | H49: Game meat, dried | J49: 0 | W49: 15 | X49: 9.9 | Y49: 9.9 | Z49: 0 | AC49: 6.06 | AD49: 12 | AE49: 0 | AF49: 0.64 | AG49: 1.39 | AH49: 0 | AI49: 0 | AJ49: 0 | AK49: 1.07 | AL49: 18.3
A50: 1174.03 | B50: =VLOOKUP(A50,'Table 3.1'!$A$4:$D$186,4,FALSE) -> 2.2324763 | C50: Carrots | F50: WA_FCT | G50: 04_006 | H50: Carrot, raw | J50: 0.11 | W50: 35 | X50: 0.7 | Y50: 0 | Z50: 0.7 | AC50: 0.26 | AD50: 31 | AE50: 7 | AF50: 0.06 | AG50: 0.05 | AH50: 0 | AI50: 8560 | AJ50: 713 | AK50: 0.23 | AL50: 0
A51: 1163.01 | B51: =VLOOKUP(A51,'Table 3.1'!$A$4:$D$186,4,FALSE) -> 2.0987874 | C51: Apples | F51: WA_FCT | G51: 05_026 | H51: Apple, with skin, raw | J51: 0.1 | W51: 6 | X51: 0.1 | Y51: 0 | Z51: 0.1 | AC51: 0.04 | AD51: 3 | AE51: 4.6 | AF51: 0.02 | AG51: 0.03 | AH51: 0 | AI51: 33 | AJ51: 3 | AK51: 0.04 | AL51: 0
A52: 1119.01 | B52: =VLOOKUP(A52,'Table 3.1'!$A$4:$D$186,4,FALSE) -> 2.085571 | C52: Other bread & cereals (specify) | D52: 3239 | E52: Oats, rolled or oatmeal, cooked | F52: USDA_FCT | G52: 8411 | H52: CERLS,QUKR,INST OTML,DNSR EGS W/ "DNSR BNS",BRN SGR CINN,DRY | J52: 0.25 | W52: 220 | X52: 7.92 | Y52: 0 | Z52: 7.92 | AC52: 1.75 | AD52: 176 | AE52: 0 | AF52: 0.66 | AG52: 0.74 | AH52: 660 | AI52: 0 | AJ52: 661 | AK52: 0.88 | AL52: 0
A53: 1161.01 | B53: =VLOOKUP(A53,'Table 3.1'!$A$4:$D$186,4,FALSE) -> 1.8641976 | C53: Citrus fruits (orange, lemon, etc.) | F53: WA_FCT | G53: 05_016 | H53: Orange, raw | J53: 0.27 | W53: 31 | X53: 0.2 | Y53: 0 | Z53: 0.2 | AC53: 0.1 | AD53: 33 | AE53: 46.8 | AF53: 0.04 | AG53: 0.03 | AH53: 0 | AI53: 90 | AJ53: 8 | AK53: 0.07 | AL53: 0
A54: 1133.01 | B54: =VLOOKUP(A54,'Table 3.1'!$A$4:$D$186,4,FALSE) -> 1.8551669 | C54: Smoked fish | F54: USDA_FCT | G54: 15035 | H54: Fish,haddock,smoked | J54: 0 | W54: 49 | X54: 1.4 | Y54: 1.4 | Z54: 0 | AC54: 0.5 | AD54: 15 | AE54: 0 | AF54: 0.047 | AG54: 0.049 | AH54: 24 | AI54: 0 | AJ54: 24 | AK54: 0.4 | AL54: 1.6
A55: 1178.01 | B55: =VLOOKUP(A55,'Table 3.1'!$A$4:$D$186,4,FALSE) -> 1.4867059 | C55: Sweet potatoes | F55: WA_FCT | G55: 02_022 | H55: Sweet potato, pale yellow, raw | J55: 0.16 | W55: 27 | X55: 1.1 | Y55: 0 | Z55: 1.1 | AC55: 0.39 | AD55: 52 | AE55: 22.3 | AF55: 0.09 | AG55: 0.04 | AH55: 0 | AI55: 39 | AJ55: 3 | AK55: 0.27 | AL55: 0
A56: 1114.01 | B56: =VLOOKUP(A56,'Table 3.1'!$A$4:$D$186,4,FALSE) -> 1.4542407 | C56: Cakes (all types) | D56: 3288 | E56: Cake, butter, plain, home-made (WM, HM) | F56: USDA_FCT | G56: 18110 | H56: CAKE,FRUITCAKE,COMMLY PREP | J56: 0 | W56: 33 | X56: 2.07 | Y56: 0 | Z56: 2.07 | AC56: 0.27 | AD56: 20 | AE56: 0.5 | AF56: 0.05 | AG56: 0.099 | AH56: 7 | AI56: 3 | AJ56: 7 | AK56: 0.046 | AL56: 0.01
A57: 1162.01 | B57: =VLOOKUP(A57,'Table 3.1'!$A$4:$D$186,4,FALSE) -> 1.4131904 | C57: Bananas | F57: WA_FCT | G57: 05_003 | H57: Banana, white flesh, raw | J57: 0.36 | W57: 7 | X57: 0.3 | Y57: 0 | Z57: 0.3 | AC57: 0.17 | AD57: 19 | AE57: 10.4 | AF57: 0.04 | AG57: 0.04 | AH57: 0 | AI57: 50 | AJ57: 4 | AK57: 0.34 | AL57: 0
A58: 1192.01 | B58: =VLOOKUP(A58,'Table 3.1'!$A$4:$D$186,4,FALSE) -> 1.3220155 | C58: Salt | D58: 4288 | E58: Salt, table, iodised | F58: WA_FCT | G58: 13_015 | H58: Salt | J58: 0 | W58: 216 | X58: 1.2 | Y58: 0 | Z58: 1.2 | AC58: 0.1 | AD58: 0 | AE58: 0 | AF58: 0 | AG58: 0 | AH58: 0 | AI58: 0 | AJ58: 0 | AK58: 0 | AL58: 0
A59: 1179.99 | B59: =VLOOKUP(A59,'Table 3.1'!$A$4:$D$186,4,FALSE) -> 1.2868934 | C59: Other vegetables & tubers (specify) | D59: 3781 | E59: Average, other vegetables, boiled | F59: WA_FCT | G59: 04_031 | H59: Cowpea leaves, dried | J59: 0 | W59: 1060 | X59: 34 | Y59: 0 | Z59: 34 | AC59: 3.35 | AD59: 673 | AE59: 38 | AF59: 1.15 | AG59: 2.35 | AH59: 0 | AI59: 2407 | AJ59: 201 | AK59: 1.49 | AL59: 0
A60: 1193.07 | B60: =VLOOKUP(A60,'Table 3.1'!$A$4:$D$186,4,FALSE) -> 1.1691881 | C60: Powdered soup | F60: USDA_FCT | G60: 6147 | H60: SOUP,BF MUSHROOM,CND,COND | J60: 0 | W60: 4 | X60: 0.7 | Y60: 0 | Z60: 0.7 | AC60: 1.1 | AD60: 7 | AE60: 0 | AF60: 0.02 | AG60: 0.06 | AH60: 0 | AI60: 0 | AJ60: 0 | AK60: 0.04 | AL60: 0.16
A61: 1185.01 | B61: =VLOOKUP(A61,'Table 3.1'!$A$4:$D$186,4,FALSE) -> 1.1579277 | C61: Ice cream | F61: WA_FCT | G61: 10_010 | H61: Cream, 13 % fat | J61: 0 | W61: 104 | X61: 0.04 | Y61: 0 | Z61: 0.04 | AC61: 0.37 | AD61: 12 | AE61: 1 | AF61: 0.04 | AG61: 0.19 | AH61: 115 | AI61: 59 | AJ61: 120 | AK61: 0.05 | AL61: 0.4
A62: 1179.08 | B62: =VLOOKUP(A62,'Table 3.1'!$A$4:$D$186,4,FALSE) -> 1.1530329 | C62: Mixed vegetables | F62: USDA_FCT | G62: 43312 | H62: Vegetables,MXD, (Corn, lima, bns, Peas, GRN BNS, CRRT) CND, NOSALT | J62: 0 | W62: 21 | X62: 0.65 | Y62: 0 | Z62: 0.65 | AC62: 0.51 | AD62: 18 | AE62: 3.8 | AF62: 0.03 | AG62: 0.04 | AH62: 0 | AI62: 5670 | AJ62: 583 | AK62: 0.08 | AL62: 0
A63: 1125.05 | B63: =VLOOKUP(A63,'Table 3.1'!$A$4:$D$186,4,FALSE) -> 1.1527622 | C63: Polony | F63: USDA_FCT | G63: 7027 | H63: HAM,CHOPPED,NOT CANNED | J63: 0 | W63: 7 | X63: 0.83 | Y63: 0.83 | Z63: 0 | AC63: 1.94 | AD63: 1 | AE63: 0 | AF63: 0.632 | AG63: 0.204 | AH63: 0 | AI63: 0 | AJ63: 0 | AK63: 0.35 | AL63: 0.92
A64: 1168.08 | B64: =VLOOKUP(A64,'Table 3.1'!$A$4:$D$186,4,FALSE) -> 1.1131355 | C64: Ground nuts/ Eefukwa | F64: WA_FCT | G64: 03_001 | H64: Bambara groundnut, dried, raw | J64: 0 | W64: 65 | X64: 3.3 | Y64: 0 | Z64: 3.3 | AC64: 3.38 | AD64: 0 | AE64: 0 | AF64: 0.38 | AG64: 0.12 | AH64: 0 | AI64: 20 | AJ64: 2 | AK64: 0 | AL64: 0
A65: 1127.03 | B65: =VLOOKUP(A65,'Table 3.1'!$A$4:$D$186,4,FALSE) -> 1.0738158 | C65: Donkey | F65: USDA_FCT | G65: 17170 | H65: Game meat, horse raw | J65: 0 | W65: 6 | X65: 3.82 | Y65: 3.82 | Z65: 0 | AC65: 2.9 | AD65: 0 | AE65: 1 | AF65: 0.13 | AG65: 0.1 | AH65: 0 | AI65: 0 | AJ65: 0 | AK65: 0.38 | AL65: 3
A66: 1145.01 | B66: =VLOOKUP(A66,'Table 3.1'!$A$4:$D$186,4,FALSE) -> 1.0501349 | C66: Cheese, all types | F66: WA_FCT | G66: 10_008 | H66: Cheese, Gouda | I66: A2 | J66: 0 | W66: 753 | X66: 0.5 | Y66: 0.5 | Z66: 0 | AC66: 3.82 | AD66: 21 | AE66: 0 | AF66: 0.04 | AG66: 0.33 | AH66: 164 | AI66: 0 | AJ66: 165 | AK66: 0.08 | AL66: 1.5
A67: 1141.99 | B67: =VLOOKUP(A67,'Table 3.1'!$A$4:$D$186,4,FALSE) -> 1.0476171 | C67: Other dairy products (specify) | F67: WA_FCT | G67: 10_021 | H67: Yoghurt, whole milk, with fruits | J67: 0 | W67: 118 | X67: 0.1 | Y67: 0.1 | Z67: 0 | AC67: 0.47 | AD67: 23 | AE67: 0.7 | AF67: 0.04 | AG67: 0.16 | AH67: 27 | AI67: 14 | AJ67: 28 | AK67: 0.04 | AL67: 0.2
A68: 1143.04 | B68: =VLOOKUP(A68,'Table 3.1'!$A$4:$D$186,4,FALSE) -> 0.87935007 | C68: Baby milk powdered | F68: WA_FCT | G68: 10_011 | H68: Infant formula, powder, for 3 months | I68: B2 | J68: 0 | W68: 358 | X68: 9.3 | Y68: 9.3 | Z68: 0 | AC68: 3.9 | AD68: 39 | AE68: 43 | AF68: 0.52 | AG68: 0.78 | AH68: 467 | AI68: 0 | AJ68: 467 | AK68: 0.33 | AL68: 1
A69: 1173.06 | B69: =VLOOKUP(A69,'Table 3.1'!$A$4:$D$186,4,FALSE) -> 0.85041337 | C69: Mealie/ Corn cob | F69: USDA_FCT | G69: 11900 | H69: Corn, Sweet, White, raw | J69: 0 | W69: 2 | X69: 0.52 | Y69: 0 | Z69: 0.52 | AC69: 0.45 | AD69: 46 | AE69: 6.8 | AF69: 0.2 | AG69: 0.06 | AH69: 0 | AI69: 1 | AJ69: 0 | AK69: 0.055 | AL69: 0
A70: 2129.99 | B70: =VLOOKUP(A70,'Table 3.1'!$A$4:$D$186,4,FALSE) -> 0.84675843 | C70: Other alcoholic beverages (specify) | F70: WA_FCT | G70: 12_003 | H70: Beer, millet (est. 3 % alcohol) | J70: 0 | W70: 8 | X70: 0.2 | Y70: 0 | Z70: 0.2 | AC70: 0.14 | AD70: 0 | AE70: 0 | AF70: 0.02 | AG70: 0.04 | AH70: 0 | AI70: 0 | AJ70: 0 | AK70: 0 | AL70: 0
A71: 1144.02 | B71: =VLOOKUP(A71,'Table 3.1'!$A$4:$D$186,4,FALSE) -> 0.83018135 | C71: Yoghurt | F71: WA_FCT | G71: 10_005 | H71: Yoghurt, whole milk, plain | I71: A | J71: 0 | W71: 152 | X71: 0.1 | Y71: 0.1 | Z71: 0 | AC71: 0.58 | AD71: 12 | AE71: 0.7 | AF71: 0.04 | AG71: 0.2 | AH71: 29 | AI71: 16 | AJ71: 30 | AK71: 0.04 | AL71: 0.3
A72: 1176.01 | B72: =VLOOKUP(A72,'Table 3.1'!$A$4:$D$186,4,FALSE) -> 0.82964608 | C72: Tinned/ Pickled vegetables (e.g. cucumbers, onions, garlic, mixed) | F72: USDA_FCT | G72: 11941 | H72: Picles, cucumbers, sour | J72: 0 | W72: 0 | X72: 0.4 | Y72: 0 | Z72: 0.4 | AC72: 0.02 | AD72: 1 | AE72: 1 | AF72: 0 | AG72: 0.01 | AH72: 0 | AI72: 81 | AJ72: 10 | AK72: 0.009 | AL72: 0
A73: 1125.08 | B73: =VLOOKUP(A73,'Table 3.1'!$A$4:$D$186,4,FALSE) -> 0.81994387 | C73: Liver & kidneys | F73: WA_FCT | G73: 07_001 | H73: Beef liver, raw | J73: 0 | W73: 7 | X73: 8.8 | Y73: 8.8 | Z73: 0 | AC73: 3.5 | AD73: 290 | AE73: 1.3 | AF73: 0.19 | AG73: 1.56 | AH73: 4950 | AI73: 245 | AJ73: 4970 | AK73: 1.08 | AL73: 59.3
A74: 1219.99 | B74: =VLOOKUP(A74,'Table 3.1'!$A$4:$D$186,4,FALSE) -> 0.7783891 | C74: Other infusions (specify) | F74: WA_FCT | G74: 12_008 | H74: GOLD PEAK TEA, ICED TEA, SWEET TEA | I74: A | J74: 0 | W74: 7 | X74: 0.2 | Y74: 0 | Z74: 0.2 | AC74: 0.08 | AD74: 14 | AE74: 40.6 | AF74: 0.03 | AG74: 0.01 | AH74: 0 | AI74: 7 | AJ74: 1 | AK74: 0.05 | AL74: 0
A75: 1211.01 | B75: =VLOOKUP(A75,'Table 3.1'!$A$4:$D$186,4,FALSE) -> 0.77437576 | C75: Coffee | F75: WA_FCT | G75: 12_005 | H75: coffee, instant, powder | I75: A | J75: 0 | W75: 146 | X75: 4.4 | Y75: 0 | Z75: 4.4 | AC75: 0.73 | AD75: 2 | AE75: 0 | AF75: 0.02 | AG75: 0.08 | AH75: 0 | AI75: 0 | AJ75: 0 | AK75: 0.03 | AL75: 0
A76: 1183.01 | B76: =VLOOKUP(A76,'Table 3.1'!$A$4:$D$186,4,FALSE) -> 0.76679859 | C76: Chocolate | F76: USDA_FCT | G76: 19081 | H76: CANDIES,SWEET CHOCOLATE | J76: 0 | W76: 24 | X76: 2.76 | Y76: 0 | Z76: 2.76 | AC76: 1.5 | AD76: 3 | AE76: 0 | AF76: 0.02 | AG76: 0.24 | AH76: 0 | AI76: 0 | AJ76: 0 | AK76: 0.043 | AL76: 0
A77: 1115.06 | B77: =VLOOKUP(A77,'Table 3.1'!$A$4:$D$186,4,FALSE) -> 0.76610687 | C77: Sorghum meal/ grain | F77: WA_FCT | G77: 01_039 | H77: Sorghum, whole grain, raw | J77: 0 | W77: 24 | X77: 3.7 | Y77: 0 | Z77: 3.7 | AC77: 1.79 | AD77: 29 | AE77: 0 | AF77: 0.36 | AG77: 0.16 | AH77: 0 | AI77: 17 | AJ77: 1 | AK77: 0.25 | AL77: 0
A78: 1151.01 | B78: =VLOOKUP(A78,'Table 3.1'!$A$4:$D$186,4,FALSE) -> 0.68720156 | C78: Butter | F78: WA_FCT | G78: 11_001 | H78: Butter, from cow's milk (without salt) | I78: B2 | J78: 0 | W78: 17 | X78: 0.03 | Y78: 0.03 | Z78: 0 | AC78: 0.12 | AD78: 3 | AE78: 0 | AF78: 0.01 | AG78: 0.03 | AH78: 675 | AI78: 262 | AJ78: 696 | AK78: 0 | AL78: 0.1
A79: 1167.01 | B79: =VLOOKUP(A79,'Table 3.1'!$A$4:$D$186,4,FALSE) -> 0.68245655 | C79: Sweet melons, all types | F79: WA_FCT | G79: 05_038 | H79: Melon, honeydew, raw | J79: 0.54 | W79: 7 | X79: 0.3 | Y79: 0 | Z79: 0.3 | AC79: 0.09 | AD79: 12 | AE79: 14.2 | AF79: 0.03 | AG79: 0.01 | AH79: 0 | AI79: 31 | AJ79: 3 | AK79: 0.07 | AL79: 0
A80: 1174.02 | B80: =VLOOKUP(A80,'Table 3.1'!$A$4:$D$186,4,FALSE) -> 0.68125631 | C80: Beetroot | F80: Kenya_FCT | G80: 2005 | H80: Beetroot,pealed,raw | J80: 0.15 | W80: 13 | X80: 0.8 | Y80: 0 | Z80: 0.8 | AC80: 0.55 | AD80: 110 | AE80: 5.3 | AF80: 0.01 | AG80: 0.02 | AH80: 0 | AI80: 10 | AJ80: 1 | AK80: 0 | AL80: 0
A81: 1112.03 | B81: =VLOOKUP(A81,'Table 3.1'!$A$4:$D$186,4,FALSE) -> 0.65390381 | C81: Biscuits, rusks | F81: WA_FCT | G81: 01_045 | H81: Bread/rolls, white | J81: 0 | W81: 26 | X81: 1.2 | Y81: 0 | Z81: 1.2 | AC81: 0.8 | AD81: 28 | AE81: 0 | AF81: 0.18 | AG81: 0.06 | AH81: 0 | AI81: 0 | AJ81: 0 | AK81: 0.04 | AL81: 0
A82: 2121.01 | B82: =VLOOKUP(A82,'Table 3.1'!$A$4:$D$186,4,FALSE) -> 0.59995744 | C82: Wines | F82: WA_FCT | G82: 12_006 | H82: Palm wine (est. 3.8 % alcohol) | J82: 0 | W82: 2 | X82: 0.5 | Y82: 0 | Z82: 0.5 | AC82: 0 | AD82: 0 | AE82: 4 | AF82: 0.03 | AG82: 0.01 | AH82: 0 | AI82: 0 | AJ82: 0 | AK82: 0 | AL82: 0
A83: 1141.02 | B83: =VLOOKUP(A83,'Table 3.1'!$A$4:$D$186,4,FALSE) -> 0.59509715 | C83: Long life milk | F83: WA_FCT | G83: 10_001 | H83: Milk, cow, whole, 3.5 % fat (includes pasteurised, sterilised and UHT) | J83: 0 | W83: 120 | X83: 0.05 | Y83: 0.05 | Z83: 0 | AC83: 0.39 | AD83: 10 | AE83: 1.5 | AF83: 0.04 | AG83: 0.18 | AH83: 31 | AI83: 18 | AJ83: 33 | AK83: 0.05 | AL83: 0.6
A84: 1126.02 | B84: =VLOOKUP(A84,'Table 3.1'!$A$4:$D$186,4,FALSE) -> 0.59308608 | C84: Canned meat | F84: WA_FCT | G84: 07_025 | H84: Beef, meat, cured, corned, canned | J84: 0 | W84: 12 | X84: 2.1 | Y84: 2.1 | Z84: 0 | AC84: 3.57 | AD84: 9 | AE84: 0 | AF84: 0.02 | AG84: 0.15 | AH84: 0 | AI84: 0 | AJ84: 0 | AK84: 0.13 | AL84: 1.6
A85: 1127.02 | B85: =VLOOKUP(A85,'Table 3.1'!$A$4:$D$186,4,FALSE) -> 0.58747629 | C85: Dog | F85: WA_FCT | G85: 07_005 | H85: Pork, meat, approx. 40 % fat, boneless, raw | J85: 0 | W85: 11 | X85: 1.8 | Y85: 1.8 | Z85: 0 | AC85: 3.6 | AD85: 3 | AE85: 0 | AF85: 0.6 | AG85: 0.17 | AH85: 0 | AI85: 0 | AJ85: 0 | AK85: 0.38 | AL85: 0.7
A86: 1173.03 | B86: =VLOOKUP(A86,'Table 3.1'!$A$4:$D$186,4,FALSE) -> 0.5586141 | C86: Cucumber | F86: WA_FCT | G86: 04_032 | H86: Cucumber, raw | J86: 0.19 | W86: 13 | X86: 0.5 | Y86: 0 | Z86: 0.5 | AC86: 0.17 | AD86: 6 | AE86: 14 | AF86: 0.02 | AG86: 0.01 | AH86: 0 | AI86: 35 | AJ86: 3 | AK86: 0.04 | AL86: 0
A87: 1191.02 | B87: =VLOOKUP(A87,'Table 3.1'!$A$4:$D$186,4,FALSE) -> 0.55108461 | C87: Tomato Sauces | F87: USDA_FCT | G87: 6973 | H87: SAUCE,TOMATO CHILI SAU,BTLD,NO SALT,LO NA | J87: 0 | W87: 20 | X87: 0.8 | Y87: 0 | Z87: 0.8 | AC87: 0.16 | AD87: 10 | AE87: 16 | AF87: 0.09 | AG87: 0.07 | AH87: 0 | AI87: 119 | AJ87: 10 | AK87: 0.16 | AL87: 0
A88: 1168.14 | B88: =VLOOKUP(A88,'Table 3.1'!$A$4:$D$186,4,FALSE) -> 0.53867797 | C88: Eenyandi | F88: WA_FCT | G88: 05_019 | H88: Enyandi(jackalBerry) | J88: 0.43 | W88: 23 | X88: 3 | Y88: 0 | Z88: 3 | AC88: 0 | AD88: 0 | AE88: 51.5 | AF88: 0.03 | AG88: 0.04 | AH88: 0 | AI88: 360 | AJ88: 30 | AK88: 0 | AL88: 0
A89: 1168.01 | B89: =VLOOKUP(A89,'Table 3.1'!$A$4:$D$186,4,FALSE) -> 0.51659748 | C89: Eendunga/ Munganda | F89: WA_FCT | G89: 06_029 | H89: Palm nut kernel, shelled, raw | I89: C2 | J89: 0 | W89: 91 | X89: 9 | Y89: 0 | Z89: 9 | AC89: 2.37 | AD89: 0 | AE89: 0 | AF89: 0 | AG89: 0 | AH89: 0 | AI89: 0 | AJ89: 0 | AK89: 0 | AL89: 0
A90: 1173.04 | B90: =VLOOKUP(A90,'Table 3.1'!$A$4:$D$186,4,FALSE) -> 0.49242404 | C90: Green pepper/ Paprika | F90: WA_FCT | G90: 04_049 | H90: Pepper, sweet, green, raw | J90: 0.17 | W90: 17 | X90: 0.3 | Y90: 0 | Z90: 0.3 | AC90: 0.12 | AD90: 26 | AE90: 112.9 | AF90: 0.08 | AG90: 0.09 | AH90: 0 | AI90: 353 | AJ90: 29 | AK90: 0.28 | AL90: 0
A91: 1165.04 | B91: =VLOOKUP(A91,'Table 3.1'!$A$4:$D$186,4,FALSE) -> 0.48677543 | C91: Mangoes | F91: WA_FCT | G91: 05_036 | H91: Mango, deep orange flesh | I91: A | J91: 0.29 | W91: 12 | X91: 0.7 | Y91: 0 | Z91: 0.7 | AC91: 0.1 | AD91: 29 | AE91: 65.5 | AF91: 0.09 | AG91: 0.03 | AH91: 0 | AI91: 4720 | AJ91: 393 | AK91: 0.13 | AL91: 0
A92: 1112.02 | B92: =VLOOKUP(A92,'Table 3.1'!$A$4:$D$186,4,FALSE) -> 0.44808199 | C92: Brotchen | F92: WA_FCT | G92: 01_045 | H92: Bread/rolls, white | J92: 0 | W92: 26 | X92: 1.2 | Y92: 0 | Z92: 1.2 | AC92: 0.8 | AD92: 28 | AE92: 0 | AF92: 0.18 | AG92: 0.06 | AH92: 0 | AI92: 0 | AJ92: 0 | AK92: 0.04 | AL92: 0
A93: 1169.08 | B93: =VLOOKUP(A93,'Table 3.1'!$A$4:$D$186,4,FALSE) -> 0.41703356 | C93: Mixed fruits (fresh) | F93: USDA_FCT | G93: 9187 | H93: Fruit,MXD,(Peach &Pear, PNA, PPL,), CND,HVY Syrup, SOL and Liquids | J93: 0 | W93: 1 | X93: 0.36 | Y93: 0 | Z93: 0.36 | AC93: 0.07 | AD93: 3 | AE93: 69 | AF93: 0.015 | AG93: 0.04 | AH93: 0 | AI93: 0 | AJ93: 10 | AK93: 0.036 | AL93: 0
A94: 1125.04 | B94: =VLOOKUP(A94,'Table 3.1'!$A$4:$D$186,4,FALSE) -> 0.41287966 | C94: Smoked meat, other than bacon & ham | F94: WA_FCT | G94: 07_063 | H94: Sausage, wiener (beef, pork, chicken) canned | J94: 0 | W94: 10 | X94: 0.88 | Y94: 0.88 | Z94: 0 | AC94: 1.6 | AD94: 4 | AE94: 0 | AF94: 0.09 | AG94: 0.11 | AH94: 0 | AI94: 0 | AJ94: 0 | AK94: 0.12 | AL94: 1
A95: 1184.01 | B95: =VLOOKUP(A95,'Table 3.1'!$A$4:$D$186,4,FALSE) -> 0.38769214 | C95: Sweets | F95: USDA_FCT | G95: 19074 | H95: CANDIES,CARAMELS | J95: 0 | W95: 138 | X95: 0.14 | Y95: 0 | Z95: 0.14 | AC95: 0.44 | AD95: 4 | AE95: 0.4 | AF95: 0.103 | AG95: 0.256 | AH95: 11 | AI95: 2 | AJ95: 12 | AK95: 0.056 | AL95: 0.3
A96: 1223.99 | B96: =VLOOKUP(A96,'Table 3.1'!$A$4:$D$186,4,FALSE) -> 0.37318929 | C96: Other powdered drinks (specify) | F96: WA_FCT | G96: 12_011 | H96: Juice, orange, unsweetened | I96: A | J96: 0 | W96: 12 | X96: 0.3 | Y96: 0 | Z96: 0.3 | AC96: 0.05 | AD96: 34 | AE96: 42.7 | AF96: 0.08 | AG96: 0.03 | AH96: 0 | AI96: 100 | AJ96: 8 | AK96: 0.06 | AL96: 0
A97: 1168.04 | B97: =VLOOKUP(A97,'Table 3.1'!$A$4:$D$186,4,FALSE) -> 0.35936815 | C97: Omauni | F97: WA_FCT | G97: 05_016 | H97: Orange, raw | J97: 0.27 | W97: 31 | X97: 0.2 | Y97: 0 | Z97: 0.2 | AC97: 0.1 | AD97: 33 | AE97: 46.8 | AF97: 0.04 | AG97: 0.03 | AH97: 0 | AI97: 90 | AJ97: 8 | AK97: 0.07 | AL97: 0
A98: 1191.01 | B98: =VLOOKUP(A98,'Table 3.1'!$A$4:$D$186,4,FALSE) -> 0.35780066 | C98: Mayonnaise | F98: USDA_FCT | G98: 43598 | H98: MAYONNAISE DRSNG,NO CHOL | J98: 0 | W98: 7 | X98: 0.23 | Y98: 0 | Z98: 0.23 | AC98: 0.13 | AD98: 0 | AE98: 0 | AF98: 0.01 | AG98: 0.06 | AH98: 0 | AI98: 0 | AJ98: 0 | AK98: 0.01 | AL98: 0
A99: 1191.08 | B99: =VLOOKUP(A99,'Table 3.1'!$A$4:$D$186,4,FALSE) -> 0.35499796 | C99: Salad dressings | F99: USDA_FCT | G99: 43599 | H99: SALAD DRSNG,MAYO DRSNG,DIET,NO CHOL | J99: 0 | W99: 14 | X99: 0.2 | Y99: 0 | Z99: 0.2 | AC99: 0.18 | AD99: 0 | AE99: 0 | AF99: 0.013 | AG99: 0.024 | AH99: 12 | AI99: 94 | AJ99: 21 | AK99: 0.017 | AL99: 0.21
A100: 1166.04 | B100: =VLOOKUP(A100,'Table 3.1'!$A$4:$D$186,4,FALSE) -> 0.34236801 | C100: Grapes/ Omandjebere (fresh) | F100: WA_FCT | G100: 05_035 | H100: Grapefruit, pulp, raw | J100: 0 | W100: 20 | X100: 0.3 | Y100: 0 | Z100: 0.3 | AC100: 0.07 | AD100: 12 | AE100: 36.1 | AF100: 0.05 | AG100: 0.02 | AH100: 0 | AI100: 18 | AJ100: 1 | AK100: 0.04 | AL100: 0
...

Sheet Table 3.1
A1: 3.1 Consumption statistics for each food item at national level
C2: Average quantity as purchased (g/capita/day) | D2: Average edible quantity (g/capita/day) | E2: Average food consumption in monetary value (LCU/capita/day) | F2: Average dietary energy consumption (kcal/capita/day) | G2: Median dietary energy unit value (LCU/1000 kcal)
A3: COICOP Code | B3: Descriptions
A4: 1111.01 | B4: Rice | C4: 22.321716 | D4: 22.321716 | E4: 1.005985 | F4: 77.902789 | G4: 2.9681439
A5: 1111.02 | B5: Malt/ Mealie Rice | C5: 0.066044358 | D5: 0.066044358 | E5: 0.10766371 | F5: 0.25763904 | G5: 3.5976402
A6: 1112.01 | B6: Bread (white, brown, whole wheat, rye, maize, etc.) | C6: 168.44418 | D6: 168.44418 | E6: 3.2543853 | F6: 419.7629 | G6: 7.427807
A7: 1112.02 | B7: Brotchen | C7: 0.44808198 | D7: 0.44808199 | E7: 0.053668778 | F7: 1.1833845 | G7: 46.947528
A8: 1112.03 | B8: Biscuits, rusks | C8: 0.65390381 | D8: 0.65390381 | E8: 0.023167464 | F8: 1.7269599 | G8: 14.99432
A9: 1112.04 | B9: Vetkoek | C9: 3.7198099 | D9: 3.7198099 | E9: 0.027475477 | F9: 9.8240179 | G9: 2.5242963
A10: 1112.09 | B10: Traditional bread, ash bread, oshikwiila, oshima, omungome | C10: 3.9007853 | D10: 3.9007853 | E10: 0.038751578 | F10: 10.301974 | G10: 3.7864444
A11: 1113.01 | B11: Macaroni, spaghetti, noodles | C11: 15.198223 | D11: 15.198223 | E11: 0.28540918 | F11: 23.754823 | G11: 11.405969
A12: 1114.01 | B12: Cakes (all types) | C12: 1.4542407 | D12: 1.4542407 | E12: 0.10746032 | F12: 4.8789775 | G12: 22.783482
A13: 1114.02 | B13: Pies & pizzas | C13: 0.27176901 | D13: 0.27176901 | E13: 0.016326867 | F13: 1.3673514 | G13: 11.954987
A14: 1115.01 | B14: Breakfast cereals (all types) | C14: 10.421325 | D14: 10.421325 | E14: 0.30050158 | F14: 3.9121654 | G14: 124.25265
A15: 1115.02 | B15: Baby foods, cereals | C15: 0.30590962 | D15: 0.30590962 | E15: 0.017081529 | F15: 1.4441993 | G15: 18.523617
... A157: 1191.08 | B157: Salad dressings | C157: 0.35499797 | D157: 0.35499796 | E157: 0.015168101 | F157: 1.4192818 | G157: 11.118654
A158: 1192.01 | B158: Salt | C158: 1.3220155 | D158: 1.3220155 | E158: 0.13749176 | F158: 0
A159: 1192.02 | B159: Spices & condiments | C159: 0.20638098 | D159: 0.20638098 | E159: 0.047430603 | F159: 0.71717392 | G159: 102.77492
A160: 1192.03 | B160: Garlic | C160: 0.015546423 | D160: 0.015526212 | E160: 0.0016942973 | F160: 0.020960387 | G160: 77.337325
A161: 1192.04 | B161: Ginger | C161: 0.00065216263 | D161: 0.00065131476 | E161: 6.4822873e-05 | F161: 0.00087927496 | G161: 73.723093
A162: 1193.02 | B162: Yeast | C162: 0.013373149 | D162: 0.013373149 | E162: 0.0040273985 | F162: 0.042112047 | G162: 127.02444
A163: 1193.04 | B163: Cake essences | C163: 0.00076794174 | D163: 0.00076794174 | E163: 6.7850062e-05 | F163: 0.0029829929 | G163: 41.512202
A164: 1193.05 | B164: Custards, puddings, jelly & gelatine | C164: 0.095242871 | D164: 0.095242871 | E164: 0.003545624 | F164: 0.31643492 | G164: 9.4279237
A165: 1193.06 | B165: Ready-made soup | C165: 0.21918641 | D165: 0.21918641 | E165: 0.0082760202 | F165: 0.13238859 | G165: 14.472282
A166: 1193.07 | B166: Powdered soup | C166: 1.1691881 | D166: 1.1691881 | E166: 0.14997037 | F166: 3.1715397 | G166: 60.582343
A167: 1194.01 | B167: Ready-made frozen food | C167: 0.10373333 | D167: 0.10373333 | E167: 0.0035647207 | F167: 0.062654931 | G167: 130.17321
A168: 1195.99 | B168: Other foods (specify) | C168: 8.955633 | D168: 8.9556331 | E168: 0.17686835 | F168: 5.4092024 | G168: 31.4571
A169: 1211.01 | B169: Coffee | C169: 0.77437576 | D169: 0.77437576 | E169: 0.081532309 | F169: 2.7443877 | G169: 67.18263
A170: 1212.01 | B170: Tea | C170: 20.632187 | D170: 20.632186 | E170: 0.10521724 | F170: 0.16505749 | G170: 312.5
... A172: 1219.99 | B172: Other infusions (specify) | C172: 0.7783891 | D172: 0.7783891 | E172: 0.033826748 | F172: 0.0062271128 | G172: 9326.9911
A173: 1221.01 | B173: Mineral water & ice cubes blocks | C173: 2.3823974 | D173: 2.3823974 | E173: 0.021712335 | F173: 0
A174: 1222.01 | B174: Soft drinks | C174: 20.18357 | D174: 20.183571 | E174: 0.28699572 | F174: 8.8000368 | G174: 31.968076
A175: 1222.99 | B175: Other non-alcoholic drinks (Energade, Powerade) (specify) | C175: 4.160192 | D175: 4.160192 | E175: 0.070147447 | F175: 1.8138437 | G175: 37.538763
A176: 1223.01 | B176: Fruit juice & squashes | C176: 13.384258 | D176: 13.384258 | E176: 0.27427086 | F176: 5.8355365 | G176: 45.584671
A177: 1223.02 | B177: Mageu/Oshikundu | C177: 112.25229 | D177: 112.25229 | E177: 0.41054207 | F177: 54.666866 | G177: 7.1658185
A178: 1223.99 | B178: Other powdered drinks (specify) | C178: 0.3731893 | D178: 0.37318929 | E178: 0.0087188164 | F178: 0.16271053 | G178: 58.853209
A179: 2111.04 | B179: Local home-made distilled drinks, all types (ombike, kashipembe) | C179: 0.28624203 | D179: 0.28624203 | E179: 0.029298003 | F179: 0.091597451 | G179: 156.25
A180: 2111.06 | B180: Whiskies | C180: 0.065044156 | D180: 0.065044156 | E180: 2.5977421 | F180: 223.48792 | G180: 10.327253
A181: 2121.01 | B181: Wines | C181: 0.59995743 | D181: 0.59995744 | E181: 0.036789315 | F181: 0.21478476 | G181: 130.35381
A182: 2122.01 | B182: Sparkling wines/ Champagnes | C182: 0.052912777 | D182: 0.052912778 | E182: 0.004426869 | F182: 0.018942774 | G182: 269.65857
A183: 2122.99 | B183: Marunga (palm wine made traditional way) | C183: 0.32183872 | D183: 0.32183871 | E183: 0.0039945269 | F183: 0.11521826 | G183: 34.9162
A184: 2129.99 | B184: Other alcoholic beverages (specify) | C184: 0.84675842 | D184: 0.84675843 | E184: 0.020014998 | F184: 0.36918667 | G184: 53.51682
A185: 2131.01 | B185: Beer/ Ales/ Ciders | C185: 5.6051935 | D185: 5.6051936 | E185: 0.077079754 | F185: 2.085132 | G185: 64.516127
A186: 2131.99 | B186: Local home-made brew, all types (tombo, epwaka, shafuluka) | C186: 4.9464179 | D186: 4.9464179 | E186: 0.026035058 | F186: 1.5828537 | G186: 16.407605
A190: Back to the table of contents
