Workbook

Sheet EXPLAIN
A1: Some explanations to help navigate the data input table and charts for this excel file | M1: OPTION 1 - typical daily intake
A3: It is strongly suggested to make a copy of this whole file and rename the copy you will work on, so you can refer back to the original file with example data and formulae, etc.
A4: If, after following these instructions and discussing with your national team, the charts do not show the expected data or format in the expected way, contact IGN to request technical assistance. OR use the main data input page to produce the data you need. Then use these figures in a separate Excel or graph file to produce the figures that work for your national context.
A6: The "OPTION 1 - Working Tab" is relatively self-explanatory if you read the instructions at the top of the page, and in the cells, and in the message that appears when you click on many of the dark grey shaded cells.
B7: Start the process by counting the total number of products to include (household salt and selected processed foods). Where this is greater than 25, add rows to the data input table (add rows above the row for "Food 25" so that the totals for all selected products updates automatically). If you add the row at the very bottom, you will need to adjust the formula for totals to make sure the formula =Sum(x:y) covers all the rows with data. It is worth while checking the rows for totals have the correct formula in all situations.
B8: Where rows are added to the "Working Tab", add the correct number of rows to the "Data for Figures" at this point also. Make sure that the existing formula are copied into these additional rows on a sequential basis, as for the example data.
B9: Then enter the data you have for household salt (where available) and for selected processed foods. Overwrite the current example data in the file with national data for selected processed foods. If fewer than 7 foods are selected in the national situation, delete the data for any remaining example rows.
B10: Consider the order of the rows. It is suggested to start with "household salt" since that is slightly different and it will keep the formula for the charts correct. Then it is also suggested to add selected foods according to their expected contribution to iodine intake. Or you might want to group foods by similar food type (e.g. processed meats and fish) that can then be colour coded in the chart to indicate this similarity.
B11: In general the salt iodine standards will be set to the mean of the national standard. However, where selected processed foods include imports that are known to be manufactured using salt with a different standard iodine level, the auto-completed standard in the Column labelled D can be over-written with the mean of the standard used in the exporting country. It's suggested that where the same product is both domestically produced and imported - but using different salt iodine standards - then the product is listed twice, one marked as import, one as domestic production. Estimated consumption for each can be assessed by dividing by the approx market share for each, where known.
B12: If you wish to "try out" the impact of setting more than one salt reduction target for the different products, copy the Working Tab, Data for Figures and Fig 1a chart together (hold down ctrl and select all 3 tabs, then right click and select Move or Copy and make sure the Create a Copy box is selected). Then use different SR targets in the copied Working Tab, which will automatically adjust figures in the copied Data for Figures and in the copied Fig 1a.
B13: If you wish to "try out" the impact of changing any other variable, such as the national salt iodine standard, copy the Working Tab, Data for Figures and the relevant chart together (hold down ctrl and select all required tabs, then right click and select Move or Copy and make sure the Create a Copy box is selected). Then use different SR targets in the copied Working Tab, which will automatically adjust figures in the copied Data for Figures and in the copied chart.
A14: The "OPTION 1 - Data for Figures" table should auto fill based on data in the Working Tab. If the Working Tab file structure is changed (columns/rows added) it may not work
B15: Always double check the figures in the Data for Figures matches the required data from the Working Tab
B16: Where autofill is not correct, it is possible to manually fill the cells for iodine intake with the relevant data, or look at formula in the original file and adjust your file accordingly
B17: It is also possible to manually change the headings for the columns if you wish to compare different aspects, for example estimated current iodine intake with different salt iodine standards, and to manually input the relevant data in the cells for iodine intake for each food. it is strongly recommended to copy the excel file (or the relevant sheets) to a new workbook, and to ensure your original data are not lost.
A18: "Fig 1a Iodine by product" will auto update based on new data entry. Changes will be needed to accommodate different numbers of food types.
B19: Where you have data for less than 7 foods, select the chart (click on outer edge) then go to Chart Design and Select Data - look at the list of foods in the box on the left hand side and remove check marks those you do not need
B20: Where you have data for more than 7 foods, select the chart (click on outer edge) then go to Chart Design and Select Data - look at the list of foods in the box on the left hand side and add a check mark for those you need
B21: If you do not want all 4 columns in the chart (no data available or salt reduction is not relevant), select the chart (click on outer edge) then go to Chart Design and Select Data - look at the list of columns in the box on the right hand side and remove check marks for those you do not need
C22: "Fig 1b Intake by product no SR" is an example of this process, where the salt reduction columns in the right hand box have been unchecked
B23: If you make adjustments to the "Data for Figures" sheet and the Fig 1a and 1b chart columns and lines are no longer displayed as they should be, select the chart (click on outer edge) then go to Chart Design and Change Chart Type - verify that the chart type is "Combo" then review the box labelled "Chart type and axis for your series". Check that all foods are "stacked column" and the EAR and RNI are "line". There is no need to select a secondary axis for anything.
B24: Where additional foods are added, it is likely that the legend box will need to be made larger to view all the legends. The area of the chart might need moving up to fit with the size of the legend box.
A26: "Fig 2a Iodine intake HH v PF" shows the overall contribution to iodine intake from iodised household salt versus iodised salt in all selected processed foods combined. This chart is less likely to require editing than the Fig 1 charts. Follow steps above to check the selected data, etc., where any issues arise.
C27: "Fig 2b Intake HH v PF no SR" is an example where the salt reduction columns in the right hand box of Fig 2a chart have been unchecked

Sheet OPTION 1 - Working Tab
A1: OPTION 1 - Daily intake estimates - compared with RNI, EAR, UL iodine - Input data according to the national situation. | G1: Data inputs required ONLY in light blue shaded cells. Other data will automatically update. | L1: Text in brown font = instruction
A2: Click on dark grey shaded cells for instructions on information to insert in the corresponding light blue cell | G2: Exception to above is for light green shading for salt iodine standard. This is autofilled, but can be overwritten where a different standard applies
A3: Where data are available for different groups or scenarios, copy this sheet together with the associated (working) charts , label and complete for: population age/sex group; geographic areas; different socio-economic (SES) groups; different salt iodine levels etc.
A4: CHARTS in following sheets will update automatically when data are entered below. See EXPLAIN sheet for more information on adapting the charts | O4: Use non-pregnant adult ref values
A5: Population group | B5: Non-pregnant adult | E5: Minimum | F5: Maximum | G5: Mean | J5: Pregnant women | K5: Lactating women | L5: Non-pregnant adult | M5: Children 6-12 years | N5: Children 0-5 years | O5: Not specified
A6: Estimated Average Requirement iodine (EAR) (µg) | B6: =_xlfn.IFS($B$5=$J$5,J6, $B$5=$K$5,K6, $B$5=$L$5,L6, $B$5=$M$5,M6, $B$5=$N$5,N6, $B$5=$O$5,O6) -> 95 | D6: National salt iodine standards (mg/kg or µg/g) | E6: 50 | F6: 80 | G6: =IF(AND(E6>0,F6>0),(E6+F6)/2, E6) -> 65 | I6: EAR iodine (µg) | J6: 160 | K6: N/A | L6: 95 | M6: 65 | N6: 65 | O6: 95
A7: Recommended daily iodine intake (RNI) (µg) | B7: =_xlfn.IFS($B$5=$J$5,J7, $B$5=$K$5,K7, $B$5=$L$5,L7, $B$5=$M$5,M7, $B$5=$N$5,N7, $B$5=$O$5,O7) -> 150 | I7: RNI iodine (µg) Also known as RDA | J7: 250 | K7: 250 | L7: 150 | M7: 120 | N7: 90 | O7: 150
A8: Tolerable upper limit iodine (UL) | B8: =_xlfn.IFS($B$5=$J$5,J8, $B$5=$K$5,K8, $B$5=$L$5,L8, $B$5=$M$5,M8, $B$5=$N$5,N8, $B$5=$O$5,O8) -> 600 | I8: UL iodine (µg) | J8: 600 | K8: 600 | L8: 600 | M8: 300 | N8: N/A | O8: 600
A10: Additional description of data shown in each table | I10: EAR iodine | J10: Estimated Average Requirement
A11: Geographic area (define) | B11: National | I11: RNI (RDA) iodine | J11: Recommended Nutrient Intake
A12: SES group (define) | I12: UL iodine (µg) | J12: Tolerable upper limit for iodine intake
A14: Add sheet rows and change formulae in TOTAL row where more food types are required. See EXPLAIN sheet for more information on this. | G14: Main Outcome: If all food grade salt is iodised at mean mg/kg of the national salt iodine standard (adjusted for imports as needed), and assuming 30% loss of iodine | K14: Optional - estimated current iodine intake: If data on current household and food industry use of iodised salt known Based on estimated current % salt iodised with assumed mean (mg/kg) national salt iodine standard (adjusted for imports as needed) and 30% iodine loss | P14: Optional - iodine intake if salt reduction (SR) achieved with variable SR targets by food type, if known. Based on potential iodine intake if all food grade salt iodised (O) and on iodine intake with estimated current % salt iodised (P).
A15: Column label: | C15: A | D15: B | E15: C | F15: D | G15: E | H15: F | I15: G | J15: H | K15: I | L15: J | M15: K | N15: L | O15: M | P15: N | Q15: O | R15: P
A16: Food product (aim for at least 4 products). Include household (HH) salt where possible | B16: Source reference code | C16: Estimated average daily per capita consumption (g) | D16: Salt content (% product weight) | E16: Estimated daily salt intake from the product (g) | F16: Salt iodine standard (mg/kg or µg/g) Overwrite the autofill where different standard applies, e.g. for imported foods | G16: Potential iodine intake (µg) from daily intake (g) of the product | H16: Potential % EAR for iodine from typical daily intake of the product | I16: Potential % RNI for iodine from typical daily intake of the product | J16: Potential % UL for iodine from typical daily intake of the product | K16: Estimated percent of total salt used in the product that is iodised | L16: Estimated current iodine intake (µg) from daily intake of the product (g) | M16: Estimated current % EAR for iodine from typical daily intake of the product | N16: Estimated current % RNI for iodine from typical daily intake of the product | O16: Estimated current % UL for iodine from typical daily intake of the product | P16: Target reduction in salt content of the product (%) | Q16: Potential iodine intake (µg) from daily intake of the product (g) based on ALL salt iodised and after SR | R16: Estimated iodine intake (µg) from daily intake of the product (g) based on estimated current levels iodisation and after SR
A17: Calculation for each column: | E17: A * B | G17: C * D * 70% (for losses) | H17: E / EAR iodine for population group | I17: E / RNI iodine for population group | J17: E / UL iodine for population group | L17: E * I | M17: J / EAR iodine for population group | N17: J / RNI iodine for population group | O17: J / UL iodine for population group | Q17: E * N | R17: J * N
A18: Food type | G18: Potential iodine intake (µg) | H18: Potential % EAR iodine | I18: Potential % RNI iodine | J18: Potential % UL iodine | L18: Estimated current iodine intake (µg) | M18: Current % EAR iodine | N18: Current % RNI iodine | O18: Current % UL iodine | Q18: Potential iodine intake (µg) after SR | R18: Estimated current iodine intake (µg) after SR
A19: Household salt | B19: 1 | C19: 5.5 | D19: 1 | E19: =C19*D19 -> 5.5 | F19: =$G$6 -> 65 | G19: =E19*F19*0.7 -> 250.25 | H19: =G19/$B$6 -> 2.6342105 | I19: =G19/$B$7 -> 1.6683333 | J19: =G19/$B$8 -> 0.41708333 | K19: 0.7 | L19: =G19*K19 -> 175.175 | M19: =L19/$B$6 -> 1.8439474 | N19: =L19/$B$7 -> 1.1678333 | O19: =L19/$B$8 -> 0.29195833 | P19: 0.05 | Q19: =G19*(1-P19) -> 237.7375 | R19: =L19*(1-P19) -> 166.41625
A20: Bread & brotchen | B20: 2 for food consumption 3 for salt content | C20: =166.67+0.41 -> 167.08 | D20: 0.016 | E20: =C20*D20 -> 2.67328 | F20: =$G$6 -> 65 | G20: =E20*F20*0.7 -> 121.63424 | H20: =G20/$B$6 -> 1.2803604 | I20: =G20/$B$7 -> 0.81089493 | J20: =G20/$B$8 -> 0.20272373 | K20: 0.8 | L20: =G20*K20 -> 97.307392 | M20: =L20/$B$6 -> 1.0242883 | N20: =L20/$B$7 -> 0.64871595 | O20: =L20/$B$8 -> 0.16217899 | P20: 0.15 | Q20: =G20*(1-P20) -> 103.3891 | R20: =L20*(1-P20) -> 82.711283
A21: Dried fish | B21: 2 for food consumption 3 for salt content | C21: 2.64 | D21: 0.139 | E21: =C21*D21 -> 0.36696 | F21: =$G$6 -> 65 | G21: =E21*F21*0.7 -> 16.69668 | H21: =G21/$B$6 -> 0.17575453 | I21: =G21/$B$7 -> 0.1113112 | J21: =G21/$B$8 -> 0.0278278 | K21: 0.5 | L21: =G21*K21 -> 8.34834 | M21: =L21/$B$6 -> 0.087877263 | N21: =L21/$B$7 -> 0.0556556 | O21: =L21/$B$8 -> 0.0139139 | P21: 0.03 | Q21: =G21*(1-P21) -> 16.19578 | R21: =L21*(1-P21) -> 8.0978898
A22: Powdered soup | B22: 2 for food consumption 3 for salt content | C22: 1.09 | D22: 0.1366 | E22: =C22*D22 -> 0.148894 | F22: =$G$6 -> 65 | G22: =E22*F22*0.7 -> 6.774677 | H22: =G22/$B$6 -> 0.071312389 | I22: =G22/$B$7 -> 0.045164513 | J22: =G22/$B$8 -> 0.011291128 | K22: 1 | L22: =G22*K22 -> 6.774677 | M22: =L22/$B$6 -> 0.071312389 | N22: =L22/$B$7 -> 0.045164513 | O22: =L22/$B$8 -> 0.011291128 | P22: 0.15 | Q22: =G22*(1-P22) -> 5.7584754 | R22: =L22*(1-P22) -> 5.7584754
A23: Sausages, other than polony | B23: 2 for food consumption 3 for salt content | C23: 3.63 | D23: 0.0324 | E23: =C23*D23 -> 0.117612 | F23: =$G$6 -> 65 | G23: =E23*F23*0.7 -> 5.351346 | H23: =G23/$B$6 -> 0.056329958 | I23: =G23/$B$7 -> 0.03567564 | J23: =G23/$B$8 -> 0.00891891 | K23: 0.7 | L23: =G23*K23 -> 3.7459422 | M23: =L23/$B$6 -> 0.039430971 | N23: =L23/$B$7 -> 0.024972948 | O23: =L23/$B$8 -> 0.006243237 | P23: 0 | Q23: =G23*(1-P23) -> 5.351346 | R23: =L23*(1-P23) -> 3.7459422
A24: Spices & condiments | B24: 2 for food consumption 3 for salt content | C24: 0.19 | D24: 0.3 | E24: =C24*D24 -> 0.057 | F24: =$G$6 -> 65 | G24: =E24*F24*0.7 -> 2.5935 | H24: =G24/$B$6 -> 0.0273 | I24: =G24/$B$7 -> 0.01729 | J24: =G24/$B$8 -> 0.0043225 | K24: 1 | L24: =G24*K24 -> 2.5935 | M24: =L24/$B$6 -> 0.0273 | N24: =L24/$B$7 -> 0.01729 | O24: =L24/$B$8 -> 0.0043225 | P24: 0.1 | Q24: =G24*(1-P24) -> 2.33415 | R24: =L24*(1-P24) -> 2.33415
A25: Traditional bread | B25: 2 for food consumption 3 for salt content | C25: 4.09 | D25: 0.016 | E25: =C25*D25 -> 0.06544 | F25: =$G$6 -> 65 | G25: =E25*F25*0.7 -> 2.97752 | H25: =G25/$B$6 -> 0.031342316 | I25: =G25/$B$7 -> 0.019850133 | J25: =G25/$B$8 -> 0.0049625333 | K25: 1 | L25: =G25*K25 -> 2.97752 | M25: =L25/$B$6 -> 0.031342316 | N25: =L25/$B$7 -> 0.019850133 | O25: =L25/$B$8 -> 0.0049625333 | P25: 0.05 | Q25: =G25*(1-P25) -> 2.828644 | R25: =L25*(1-P25) -> 2.828644
A26: Chips & crisps | B26: 2 for food consumption 3 for salt content | C26: 2.2 | D26: 0.025 | E26: =C26*D26 -> 0.055 | F26: =$G$6 -> 65 | G26: =E26*F26*0.7 -> 2.5025 | H26: =G26/$B$6 -> 0.026342105 | I26: =G26/$B$7 -> 0.016683333 | J26: =G26/$B$8 -> 0.0041708333 | L26: =G26*K26 -> 0 | M26: =L26/$B$6 -> 0 | N26: =L26/$B$7 -> 0 | O26: =L26/$B$8 -> 0 | Q26: =G26*(1-P26) -> 2.5025 | R26: =L26*(1-P26) -> 0
A27: Smoked fish | B27: 2 for food consumption 3 for salt content | C27: 0.12 | D27: 0.017 | E27: =C27*D27 -> 0.00204 | F27: =$G$6 -> 65 | G27: =E27*F27*0.7 -> 0.09282 | H27: =G27/$B$6 -> 0.00097705263 | I27: =G27/$B$7 -> 0.0006188 | J27: =G27/$B$8 -> 0.0001547 | L27: =G27*K27 -> 0 | M27: =L27/$B$6 -> 0 | N27: =L27/$B$7 -> 0 | O27: =L27/$B$8 -> 0 | Q27: =G27*(1-P27) -> 0.09282 | R27: =L27*(1-P27) -> 0
A28: Polony | B28: 2 for food consumption 3 for salt content | C28: 1.13 | D28: 0.026 | E28: =C28*D28 -> 0.02938 | F28: =$G$6 -> 65 | G28: =E28*F28*0.7 -> 1.33679 | H28: =G28/$B$6 -> 0.014071474 | I28: =G28/$B$7 -> 0.0089119333 | J28: =G28/$B$8 -> 0.0022279833 | L28: =G28*K28 -> 0 | M28: =L28/$B$6 -> 0 | N28: =L28/$B$7 -> 0 | O28: =L28/$B$8 -> 0 | Q28: =G28*(1-P28) -> 1.33679 | R28: =L28*(1-P28) -> 0
A29: Cheese, all types | B29: 2 for food consumption 3 for salt content | C29: 0.87 | D29: 0.02 | E29: =C29*D29 -> 0.0174 | F29: =$G$6 -> 65 | G29: =E29*F29*0.7 -> 0.7917 | H29: =G29/$B$6 -> 0.0083336842 | I29: =G29/$B$7 -> 0.005278 | J29: =G29/$B$8 -> 0.0013195 | L29: =G29*K29 -> 0 | M29: =L29/$B$6 -> 0 | N29: =L29/$B$7 -> 0 | O29: =L29/$B$8 -> 0 | Q29: =G29*(1-P29) -> 0.7917 | R29: =L29*(1-P29) -> 0
A30: Canned meat | B30: 2 for food consumption 3 for salt content | C30: 0.59 | D30: 0.025 | E30: =C30*D30 -> 0.01475 | F30: =$G$6 -> 65 | G30: =E30*F30*0.7 -> 0.671125 | H30: =G30/$B$6 -> 0.0070644737 | I30: =G30/$B$7 -> 0.0044741667 | J30: =G30/$B$8 -> 0.0011185417 | L30: =G30*K30 -> 0 | M30: =L30/$B$6 -> 0 | N30: =L30/$B$7 -> 0 | O30: =L30/$B$8 -> 0 | Q30: =G30*(1-P30) -> 0.671125 | R30: =L30*(1-P30) -> 0
A31: Biltong | B31: 2 for food consumption 3 for salt content | C31: 0.24 | D31: 0.0553 | E31: =C31*D31 -> 0.013272 | F31: =$G$6 -> 65 | G31: =E31*F31*0.7 -> 0.603876 | H31: =G31/$B$6 -> 0.0063565895 | I31: =G31/$B$7 -> 0.00402584 | J31: =G31/$B$8 -> 0.00100646 | L31: =G31*K31 -> 0 | M31: =L31/$B$6 -> 0 | N31: =L31/$B$7 -> 0 | O31: =L31/$B$8 -> 0 | Q31: =G31*(1-P31) -> 0.603876 | R31: =L31*(1-P31) -> 0
A32: Smoked meat, other than bacon & ham | B32: 2 for food consumption 3 for salt content | C32: 0.41 | D32: 0.024 | E32: =C32*D32 -> 0.00984 | F32: =$G$6 -> 65 | G32: =E32*F32*0.7 -> 0.44772 | H32: =G32/$B$6 -> 0.0047128421 | I32: =G32/$B$7 -> 0.0029848 | J32: =G32/$B$8 -> 0.0007462 | L32: =G32*K32 -> 0 | M32: =L32/$B$6 -> 0 | N32: =L32/$B$7 -> 0 | O32: =L32/$B$8 -> 0 | Q32: =G32*(1-P32) -> 0.44772 | R32: =L32*(1-P32) -> 0
A33: Tomato sauce | B33: 2 for food consumption 3 for salt content | C33: 0.53 | D33: 0.014 | E33: =C33*D33 -> 0.00742 | F33: =$G$6 -> 65 | G33: =E33*F33*0.7 -> 0.33761 | H33: =G33/$B$6 -> 0.0035537895 | I33: =G33/$B$7 -> 0.0022507333 | J33: =G33/$B$8 -> 0.00056268333 | L33: =G33*K33 -> 0 | M33: =L33/$B$6 -> 0 | N33: =L33/$B$7 -> 0 | O33: =L33/$B$8 -> 0 | Q33: =G33*(1-P33) -> 0.33761 | R33: =L33*(1-P33) -> 0
A34: Bacon | B34: 2 for food consumption 3 for salt content | C34: 0.27 | D34: 0.0399 | E34: =C34*D34 -> 0.010773 | F34: =$G$6 -> 65 | G34: =E34*F34*0.7 -> 0.4901715 | H34: =G34/$B$6 -> 0.0051597 | I34: =G34/$B$7 -> 0.00326781 | J34: =G34/$B$8 -> 0.0008169525 | L34: =G34*K34 -> 0 | M34: =L34/$B$6 -> 0 | N34: =L34/$B$7 -> 0 | O34: =L34/$B$8 -> 0 | Q34: =G34*(1-P34) -> 0.4901715 | R34: =L34*(1-P34) -> 0
A35: Ham | B35: 2 for food consumption 3 for salt content | C35: 0.12 | D35: 0.033 | E35: =C35*D35 -> 0.00396 | F35: =$G$6 -> 65 | G35: =E35*F35*0.7 -> 0.18018 | H35: =G35/$B$6 -> 0.0018966316 | I35: =G35/$B$7 -> 0.0012012 | J35: =G35/$B$8 -> 0.0003003 | L35: =G35*K35 -> 0 | M35: =L35/$B$6 -> 0 | N35: =L35/$B$7 -> 0 | O35: =L35/$B$8 -> 0 | Q35: =G35*(1-P35) -> 0.18018 | R35: =L35*(1-P35) -> 0
A36: Pies & pizza | B36: 2 for food consumption 3 for salt content | C36: 0.28 | D36: 0.01 | E36: =C36*D36 -> 0.0028 | F36: =$G$6 -> 65 | G36: =E36*F36*0.7 -> 0.1274 | H36: =G36/$B$6 -> 0.0013410526 | I36: =G36/$B$7 -> 0.00084933333 | J36: =G36/$B$8 -> 0.00021233333 | L36: =G36*K36 -> 0 | M36: =L36/$B$6 -> 0 | N36: =L36/$B$7 -> 0 | O36: =L36/$B$8 -> 0 | Q36: =G36*(1-P36) -> 0.1274 | R36: =L36*(1-P36) -> 0
A37: Biscuits, rusks | B37: 2 for food consumption 3 for salt content | C37: 0.66 | D37: 0.003 | E37: =C37*D37 -> 0.00198 | F37: =$G$6 -> 65 | G37: =E37*F37*0.7 -> 0.09009 | H37: =G37/$B$6 -> 0.00094831579 | I37: =G37/$B$7 -> 0.0006006 | J37: =G37/$B$8 -> 0.00015015 | L37: =G37*K37 -> 0 | M37: =L37/$B$6 -> 0 | N37: =L37/$B$7 -> 0 | O37: =L37/$B$8 -> 0 | Q37: =G37*(1-P37) -> 0.09009 | R37: =L37*(1-P37) -> 0
A38: Ready made soup | B38: 2 for food consumption 3 for salt content | C38: 0.17 | D38: 0.009 | E38: =C38*D38 -> 0.00153 | F38: =$G$6 -> 65 | G38: =E38*F38*0.7 -> 0.069615 | H38: =G38/$B$6 -> 0.00073278947 | I38: =G38/$B$7 -> 0.0004641 | J38: =G38/$B$8 -> 0.000116025 | L38: =G38*K38 -> 0 | M38: =L38/$B$6 -> 0 | N38: =L38/$B$7 -> 0 | O38: =L38/$B$8 -> 0 | Q38: =G38*(1-P38) -> 0.069615 | R38: =L38*(1-P38) -> 0
A39: For all selected products | C39: =SUM(C19:C38) -> 191.81 | E39: =SUM(E19:E38) -> 9.099331 | G39: =SUM(G19:G38) -> 414.01956 | H39: =G39/$B$6 -> 4.3581006 | I39: =G39/$B$7 -> 2.7601304 | J39: =G39/$B$8 -> 0.6900326 | L39: =SUM(L19:L38) -> 296.92237 | M39: =L39/$B$6 -> 3.1254986 | N39: =L39/$B$7 -> 1.9794825 | O39: =L39/$B$8 -> 0.49487062 | Q39: =SUM(Q19:Q38) -> 381.3366 | R39: =SUM(R19:R38) -> 271.89263
A40: For all products except HH salt | C40: =SUM(C19:C38) - SUMIF($A$19:$A$38, "Household salt", C19:C38) -> 186.31 | E40: =SUM(E19:E38) - SUMIF($A$19:$A$38, "Household salt", E19:E38) -> 3.599331 | G40: =SUM(G19:G38) - SUMIF($A$19:$A$38, "Household salt", G19:G38) -> 163.76956 | H40: =G40/$B$6 -> 1.7238901 | I40: =G40/$B$7 -> 1.0917971 | J40: =G40/$B$8 -> 0.27294927 | L40: =SUM(L19:L38) - SUMIF($A$19:$A$38, "Household salt", L19:L38) -> 121.74737 | M40: =L40/$B$6 -> 1.2815513 | N40: =L40/$B$7 -> 0.81164914 | O40: =L40/$B$8 -> 0.20291229 | Q40: =SUM(Q19:Q38) - SUMIF($A$19:$A$38, "Household salt", Q19:Q38) -> 143.5991 | R40: =SUM(R19:R38) - SUMIF($A$19:$A$38, "Household salt", R19:R38) -> 105.47638
A42: Source references
A43: Code | B43: Reference - add reference and year for data source

Sheet OPTION 1 - Data for Figures
A1: Data to generate a chart showing estimated iodine intake from household (HH) salt compared with from processed food salt for the 3 different situations
A2: Household salt must be the first food in the "Food Type" list for the formulae and charts to work. Reorder the list - that is currently auto-inserted here from the previous sheet - as needed
A3: Please check all figures match those in previous sheet | D3: See EXPLAIN sheet for more information on how to adjust this sheet where needed
A4: If this information doesn't transfer from the first sheet correctly, either re-do the formulae or overwrite the formulae and type in food types and figures for the columns separately.
C6: ='OPTION 1 - Working Tab'!G16 -> Potential iodine intake (µg) from daily intake (g) of the product | D6: ='OPTION 1 - Working Tab'!L16 -> Estimated current iodine intake (µg) from daily intake of the product (g) | E6: ='OPTION 1 - Working Tab'!Q16 -> Potential iodine intake (µg) from daily intake of the product (g) based on ALL salt iodised and after SR | F6: ='OPTION 1 - Working Tab'!R16 -> Estimated iodine intake (µg) from daily intake of the product (g) based on estimated current levels iodisation and after SR
A7: ='OPTION 1 - Working Tab'!A18 -> Food type | C7: ='OPTION 1 - Working Tab'!G18 -> Potential iodine intake (µg) | D7: ='OPTION 1 - Working Tab'!L18 -> Estimated current iodine intake (µg) | E7: ='OPTION 1 - Working Tab'!Q18 -> Potential iodine intake (µg) after SR | F7: ='OPTION 1 - Working Tab'!R18 -> Estimated current iodine intake (µg) after SR
A8: ='OPTION 1 - Working Tab'!A19 -> Household salt | C8: ='OPTION 1 - Working Tab'!G19 -> 250.25 | D8: ='OPTION 1 - Working Tab'!L19 -> 175.175 | E8: ='OPTION 1 - Working Tab'!Q19 -> 237.7375 | F8: ='OPTION 1 - Working Tab'!R19 -> 166.41625
A9: ='OPTION 1 - Working Tab'!A20 -> Bread & brotchen | C9: ='OPTION 1 - Working Tab'!G20 -> 121.63424 | D9: ='OPTION 1 - Working Tab'!L20 -> 97.307392 | E9: ='OPTION 1 - Working Tab'!Q20 -> 103.3891 | F9: ='OPTION 1 - Working Tab'!R20 -> 82.711283
A10: ='OPTION 1 - Working Tab'!A21 -> Dried fish | C10: ='OPTION 1 - Working Tab'!G21 -> 16.69668 | D10: ='OPTION 1 - Working Tab'!L21 -> 8.34834 | E10: ='OPTION 1 - Working Tab'!Q21 -> 16.19578 | F10: ='OPTION 1 - Working Tab'!R21 -> 8.0978898
A11: ='OPTION 1 - Working Tab'!A22 -> Powdered soup | C11: ='OPTION 1 - Working Tab'!G22 -> 6.774677 | D11: ='OPTION 1 - Working Tab'!L22 -> 6.774677 | E11: ='OPTION 1 - Working Tab'!Q22 -> 5.7584754 | F11: ='OPTION 1 - Working Tab'!R22 -> 5.7584754
A12: ='OPTION 1 - Working Tab'!A23 -> Sausages, other than polony | C12: ='OPTION 1 - Working Tab'!G23 -> 5.351346 | D12: ='OPTION 1 - Working Tab'!L23 -> 3.7459422 | E12: ='OPTION 1 - Working Tab'!Q23 -> 5.351346 | F12: ='OPTION 1 - Working Tab'!R23 -> 3.7459422
A13: ='OPTION 1 - Working Tab'!A24 -> Spices & condiments | C13: ='OPTION 1 - Working Tab'!G24 -> 2.5935 | D13: ='OPTION 1 - Working Tab'!L24 -> 2.5935 | E13: ='OPTION 1 - Working Tab'!Q24 -> 2.33415 | F13: ='OPTION 1 - Working Tab'!R24 -> 2.33415
A14: ='OPTION 1 - Working Tab'!A25 -> Traditional bread | C14: ='OPTION 1 - Working Tab'!G25 -> 2.97752 | D14: ='OPTION 1 - Working Tab'!L25 -> 2.97752 | E14: ='OPTION 1 - Working Tab'!Q25 -> 2.828644 | F14: ='OPTION 1 - Working Tab'!R25 -> 2.828644
A15: ='OPTION 1 - Working Tab'!A26 -> Chips & crisps | C15: ='OPTION 1 - Working Tab'!G26 -> 2.5025 | D15: ='OPTION 1 - Working Tab'!L26 -> 0 | E15: ='OPTION 1 - Working Tab'!Q26 -> 2.5025 | F15: ='OPTION 1 - Working Tab'!R26 -> 0
A16: ='OPTION 1 - Working Tab'!A27 -> Smoked fish | C16: ='OPTION 1 - Working Tab'!G27 -> 0.09282 | D16: ='OPTION 1 - Working Tab'!L27 -> 0 | E16: ='OPTION 1 - Working Tab'!Q27 -> 0.09282 | F16: ='OPTION 1 - Working Tab'!R27 -> 0
A17: ='OPTION 1 - Working Tab'!A28 -> Polony | C17: ='OPTION 1 - Working Tab'!G28 -> 1.33679 | D17: ='OPTION 1 - Working Tab'!L28 -> 0 | E17: ='OPTION 1 - Working Tab'!Q28 -> 1.33679 | F17: ='OPTION 1 - Working Tab'!R28 -> 0
A18: ='OPTION 1 - Working Tab'!A29 -> Cheese, all types | C18: ='OPTION 1 - Working Tab'!G29 -> 0.7917 | D18: ='OPTION 1 - Working Tab'!L29 -> 0 | E18: ='OPTION 1 - Working Tab'!Q29 -> 0.7917 | F18: ='OPTION 1 - Working Tab'!R29 -> 0
... A27: ='OPTION 1 - Working Tab'!A38 -> Ready made soup | C27: ='OPTION 1 - Working Tab'!G38 -> 0.069615 | D27: ='OPTION 1 - Working Tab'!L38 -> 0 | E27: ='OPTION 1 - Working Tab'!Q38 -> 0.069615 | F27: ='OPTION 1 - Working Tab'!R38 -> 0
A33: For HH salt | C33: =C8 -> 250.25 | D33: =D8 -> 175.175 | E33: =E8 -> 237.7375 | F33: =F8 -> 166.41625
A34: For all selected processed foods excluding HH salt | C34: =SUM(C9:C32) -> 163.76956 | D34: =SUM(D9:D32) -> 121.74737 | E34: =SUM(E9:E32) -> 143.5991 | F34: =SUM(F9:F32) -> 105.47638
A35: Estimated Average Requirement (µg) | B35: ='OPTION 1 - Working Tab'!B6 -> 95 | C35: =+B35 -> 95 | D35: =+C35 -> 95 | E35: =+D35 -> 95 | F35: =+D35 -> 95 | G35: =+F35 -> 95
A36: Recommended Nutrient Intake (µg) | B36: ='OPTION 1 - Working Tab'!B7 -> 150 | C36: =+B36 -> 150 | D36: =+C36 -> 150 | E36: =+D36 -> 150 | F36: =+D36 -> 150 | G36: =+F36 -> 150

Sheet Lists
A5: Pregnant women
A6: Lactating women
A7: Non-pregnant adult
A8: Children 6-12 years
A9: Children 0-5 years
A10: Not specified
